horse_name_cn,horse_id
㩒住贏,L310
一世美麗,K489
一先生,G227
一定掂,J225
一定超,K298
一支箭,H276
一束芳花,L918
一生好彩,K114
一舖掂晒,L105
一起美麗,J260
一路精彩,K354
一風雲,K336
一馬當先,L372
一騎絕塵,K563
一鹿歡騰,J002
三代至醒,L207
三寶進財,L167
三強,K229
三甲之星,L122
三軍勇將,J360
上市魅力,H196
上校,D090
上浦福旺,L102
上海勇士,L434
不假外求,J493
不勞而獲,K377
不同世界,K005
丞匡掠影,L168
中國心,K395
中環精英,J042
久久為尊,J053
久久為昇,K516
久久為軍,K231
乘數表,K352
九五赤兔,H257
乾坤圈,L385
事事感恩,K505
五福星,J099
亞機拉,H113
交學費,K361
亨驥,K294
亮寶,K067
人和家興,E061
仁仁有餘,J421
仁心星,J092
仁者荃承,K496
伶俐驫駒,H108
但求開心,J420
佐治傳奇,L007
佛亮老撾,K174
你知我寶,L132
你知我得,H278
佰勝金龍,K458
佳佳友,L069
佳登,K162
佳福駒,G230
佳運發,E435
佳駿年年,K286
俏眼光,L003
保羅輝煌,K524
信心星,J161
做好自己,J444
健康小馬,L046
健康快車,H439
健康愉快,D435
偵探傳奇,L117
傑出漢子,G455
傑出雷霆,L121
傲然,K383
傲聖,L384
傲視同群,K357
傳承效應,K035
傳承精神,L156
價值傳承,L170
優才,J536
元朗精英,J272
兄弟再盈,K045
先到先得,J098
光年八十,H170
光年程祥,K204
光年魅力,K130
光明傳承,J215
光輝所願,H373
光輝歲月,J508
全神貫注,H465
全能勇士,L245
八仟好運,K582
八仟財陞,J442
八心之星,K536
八玲瓏,L443
八里旺,J243
八駿巨昇,H092
八駿福昇,K086
八駿笑昇,H296
六月豪取,L924
共享富裕,J390
共創歡欣,L118
共同享樂,L231
共建世界,L276
冷娃,L014
凌登,L151
凌風傲雪,K025
凝妙星,K444
凝聚美麗,J299
凡凡有餘,J364
凱旋升,J489
凱旋幸運,H409
凱旋王者,K240
凱明神駒,K190
凱皇寶,K396
利森名園,J814
利高八斗,K542
前衛火影,K103
創寶駒,L161
創科群英,K319
劍無情,J535
劍飛聲,L097
加州勇勝,K364
加州動員,H418
加州得力,G451
加州星皓,J132
加州星馳,J123
加州本事,J370
加州活力,J131
加州熱浪,K477
勁先生,J239
勁勇皇駒,K157
勁大威猛,H450
勁好運,H481
勁步速,K351
勁沙塵,J514
勁無限,L379
勁爽,J003
勁砲王,K543
勁速威龍,H380
勁進駒,J384
勁駿騰飛,L314
勁駿齊心,K219
勇冠群英,H177
勇敢孖寶,K421
勇敢巨星,G268
勇者為皇,L016
勇者無敵,K217
勇進駒,K575
勇闖高峰,K237
勇霸龍,J237
勇騎飛,L146
勝兄弟,L381
勝利君子,L061
勝在有型,K241
勝在當下,K532
勝多多,H407
勝於藍,K476
勝萬金,H405
勤德天下,K327
勤德皆備,L270
包裝伯樂,H246
包裝天將,J277
包裝天王,K570
包裝戰仕,L112
包裝戰將,K442
包裝旋風,H137
包裝明將,L013
包裝福星,J454
北地烈馬,J488
北斗福星,L238
北極之錶,L211
北海盜,H233
北美勇族,L917
十二神將,H435
十分愛,L371
十力,K200
千帆駒,L153
千杯,J482
千杯不醉,K365
千杯敬典,H321
千禧龍,L339
升升雙息,L291
午夜快車,J510
卓越蒨鋒,J231
南區之星,K153
南區旺,H178
南莊堡,K015
博愛先鋒,G465
又要威,K522
又龍串鳳,E461
友得盈,K106
友愛心得,J537
友瑩亮,K400
友瑩仁,J180
友瑩光,K564
友聲友色,K441
友贏威馳,L172
友運行,K139
友駿同心,L214
古惑大師,J541
可靠大師,K283
合夥奔馳,H408
合夥智能,L280
合夥飛馳,K342
吉星騎士,K518
同喜,J403
同寶寶,H386
同工之妙,L913
同得威,J019
同心,K253
同心同夢,L215
同心同樂,K081
同有運,H349
同樣世界,L329
同樣美麗,H334
同益善,K254
名揚四海,L219
君子,K534
君子傳承,K385
君智盛,J213
君至酷,L008
君達得,H392
和光同塵,L076
咕嚕快跑,L377
品德寶寶,J465
哈羅威,J280
哥倫布,K355
哪吒,K494
唯美主義,H289
問鼎巔峰,K044
喆喆友福,J345
喜尊龍,J481
喜悅歡欣,L322
喜意,L197
喜慶寶,K583
喜樂之星,L235
喜至寶,H262
喜蓮勁感,L028
喜蓮勇感,H215
喜行,K399
喜豐年,L185
喜馬,K347
喜駿昇星,L294
喵喵怪,J487
嘉冠王,K116
嘉嘉友福,K456
嘉應傳承,J075
嘉應光彩,K134
嘉應勇士,H028
嘉應勇將,L094
嘉應奇兵,J391
嘉應巨昇,J091
嘉應感恩,L114
嘉應耀昇,L137
嘉應駿昇,K247
嘉應駿馬,J439
嘉應高昇,J062
國千金,L155
團結勇士,K340
團結巴打,L150
團結戰靈,K132
團長好,K515
型到爆,H011
城中勇士,H430
堅先生,L232
堅多福,K306
堅闖,J015
增強,J114
增旺,K148
士登,K358
多利旺駒,K445
多利神駒,G292
多多好馬,K403
多多開心,L017
多威心得,L305
多彩多姿,J312
夢照發,H168
大丞相,L218
大利好運,H234
大力猴王,G307
大勇勝,L331
大千氣象,H324
大千絕塵,K051
大千赤風,L208
大千雄心,K398
大回報,K192
大學生,H116
大宗師,K578
大怪奇,L925
大愛無疆,K235
大才,G192
大數據,H230
大文豪,L134
大浪園田,K209
大浪圖田,J197
大番薯,J383
大眾快駒,K140
大眾福星,K172
大至尊,J208
大輝煌,K205
天下寵兒,J359
天外富天,L328
天外迎天,J490
天天友福,K302
天天同樂,J316
天天更好,K277
天天耍樂,J232
天威,J200
天寶威威,L296
天將龍駒,K129
天德神影,K147
天星,K234
天比高,K339
天火同人,E175
天火同德,J441
天火同心,J259
天然數字,L166
天福,K167
天罡北斗,L064
天蓬貓,K280
天風雲,K447
天馬行雲,L221
太勝駒,K124
太子,K362
太行美景,J314
太陽勇士,J127
奇異果,K285
奇異歡星,K255
奔放,K156
奧林比安,L307
奮鬥心,J267
奮鬥輝煌,J236
好力,L228
好友心得,H303
好吉利高,L224
好多利高,K268
好好戀愛,L052
好實力,K381
好節拍,J519
好精神,J155
好評如潮,L223
好運多彩,L327
好運年,K443
妙玲瓏,H068
妙算強人,K577
始終如一,J392
威利金箭,L035
威力非凡,K152
威力飛騰,L247
威威傳奇,L409
威威父子,H419
威威神駒,K565
威德勇士,J385
威武年代,J451
嫡愛好,J550
孤風潛影,L186
宇宙之光,J379
安可,K252
安定神駒,L059
安帝,L107
安康萬里,J158
安泰,H161
安遇,G236
安都,K033
安騁,H452
官金騏,K485
定數,H438
定風波,L428
家傳之寶,K490
家樂寶駒,K300
家樂龍駒,H396
富喜來,H213
富國兄弟,J396
富寶駒,L389
富心星,K125
富裕君子,H447
富貴駒,J191
實力加,K058
實力股,L411
寫我其誰,L048
寶成智好,K301
寶成智星,J135
寶賢得得,E430
寶進,K249
將傲,L277
將睿,K356
將義,J446
專家,J028
小皇爺,J546
小磁怪,K549
小霸王,G265
小飛俠,J224
小魔怪,K391
小鳥天堂,K246
尚旋,L141
展雄威,J405
展雄志,L396
嵐臣,K438
川河動駒,H456
川河型駒,J080
川河帥駒,K127
川河煌駒,L081
川河石駒,K548
川河耀駒,L109
工程小子,K244
巧眼光,J542
巨靈神,L169
巴基之勝,J363
巴閉仔,H298
巴閉佬,K323
巴閉哥,G335
巴閉王,K479
巴閉精,L040
帝豪先鋒,K499
帥帥友福,J418
帶贏來,K558
常嚐發財,K293
常多笑,J538
常常感恩,J065
平凡騎士,K161
平天雄,K407
平海之星,H344
年少多好,J082
年年友福,G463
年年豐裕,K557
幸福特約,K572
幸福約定,L266
幸運二十,K392
幸運傳承,J338
幸運勝利,L073
幸運同行,J331
幸運多彩,K146
幸運大夫,L225
幸運奇兵,L071
幸運威龍,L125
幸運愉快,K064
幸運星球,H235
幸運有您,E356
幸運歡笑,K530
幸運派彩,K313
幸運福星,K073
幸運糖,L041
幸運風彩,K576
幻影旋風,J271
幽默大師,K281
康昌之星,K003
康樂高球,J517
廚神,K264
建測精英,K198
建測羣英,H070
弘智多寶,L084
弦力寶,K317
彩虹七色,K145
彩虹戰士,K348
彪形勇將,L178
彭玥,J447
後無來者,K049
得意佳作,G125
得道猴王,J303
從化之星,L337
御冠軍,L920
御登,L077
德心知遇,J133
德薩斯,J124
心中之星,L271
心愛的,K584
心雄雄,J467
志善思源,L055
志滿同行,K056
志醒大將,K138
忠誠明駒,K574
快又醒,J198
快搏,E434
快樂之友,K344
快樂共濟,L049
快樂寶寶,J545
快樂神駒,L050
快樂老撾,J115
快樂高球,J222
快活同盟,K316
快活英雄,J346
快路,H219
快靚旺,K027
快馬加鞭,H144
怡傲錢莊,L222
怡昌光輝,K074
怡昌奇兵,J176
怡昌精神,H379
怪獸叉燒,K415
怪獸波士,L139
悠悠乾坤,K059
悠然常勝,L136
愛國者,K170
愛心波,L006
愛心神駒,H389
愛心萬里,L165
愛馬善,H155
愛馬心,L220
慣勝金帥,K412
應龍飛影,L083
戀愛最火,L394
戀愛狂,K118
我做到,H381
我最好,K502
戰寶,K257
戰騎飛,J294
手到再來,H429
手到快來,L299
手到齊來,J531
手機錶勁,L099
手機錶能,L293
手機錶霸,H485
手錶之星,H483
扶搖勢勁,K236
抱百嶺,K519
拉合爾,K043
拚搏,K024
挺秀弘利,K481
捷威,K547
捷足奔馳,J524
捷駿,L303
揀馬之皇,K397
揚威四海,K120
摘星聲升,K390
摯友勝,L092
摯友心得,K263
撼天鐵翼,H162
擅搏,L177
支付之父,L159
數字天文,L080
文明戰士,L287
文明福星,J315
文武全能,K402
文采風流,L021
新力,H325
新力好,J118
新力飆,K177
新力驕,J223
新幹線,H277
新強福盈,J063
新意馬,K094
方圓星,K517
旋風傳奇,J152
旌採,K498
日出東方,K552
日出沙頭,L145
日日獎,H283
日日賞,L273
日頌月讚,J102
日馳千里,J143
旭能精英,K544
旺旺嘉駒,L088
旺旺昇叻,K070
昇瀧駒,J141
昇龍戰駒,L330
明亮光輝,L005
明亮天下,J170
明天更好,K486
明德輝煌,L298
明月清風,K414
星之願,J480
星價,K093
星光大道,L194
星光快驅,K215
星威心得,L074
星將,K331
星幻,L123
星月飛雲,K363
星火燎原,J150
星球勇士,L441
星辰千帥,K325
星運傳奇,L019
星運少爵,H459
星鑽貴人,K292
星際快車,J186
星願無限,L267
春風萬里,H383
昭易搵,J339
時尚歡欣,H041
時尚風趣,J164
時時歡欣,K141
時時歡笑,L320
時時歡聲,K350
時時精準,K037
時時開心,K550
時間寶,H403
晉步贏,L269
晒冷,K369
普魯托斯,K413
晶晶日上,H089
智勇名駒,J298
智勝一籌,L249
智勝勳章,K521
智勝攻略,H197
智勝神駒,K446
智勝策略,L173
智取神駒,H474
智多多寶,K387
智開心,J351
暴風一族,K104
暴風之子,K176
最好玩,H442
最感,L130
會當凌,K122
會長之寶,J295
有你有我,H057
有備而戰,L095
有心意,J179
有情有義,K416
有派頭,J093
有盈勇士,K271
有財有勢,H037
有鴻利,E184
朗日自強,J530
朗日雪峰,J187
木火龍駒,H292
本能,K289
本領多好,L315
本領輝煌,K062
本領非凡,J137
杭至尊,L043
杰遜仔,L036
東來欣賞,J290
東方寶寶,J309
東方福寶,K115
東方魅影,K028
東昇鉞,J264
枕頭之星,K207
林寶精神,K305
果然僥倖,H252
架勢奇爸,G312
桃花俊,L066
桃花多,E488
桃花開,J301
棉棉日上,L323
棒棒糖,J503
森林之王,K265
椒椒醒,H440
極上紗瓏,K585
極光之子,L110
極歡欣,L345
極速之子,H332
極速滿貫,G277
極速神影,L204
榮利雙收,K382
榮耀掌星,K439
榮耀盛甲,K290
榮駿大道,K474
樂勝天下,J540
樂矚心機,J453
機不可失,K417
機械之星,K559
機械騎士,H464
機緣燦爛,L190
櫻花酒杯,L230
歐洲傳奇,H153
歡樂老撾,H432
正將,J386
正本唐心,L373
正本巨星,L056
正本良心,L382
正極,K367
正義波,K473
步步合拍,L252
步風影,L179
步風雷,J452
武林至尊,H027
歷勝,L199
歷險大將,J344
比特星,J362
氣勢,H411
水晶酒杯,H081
永勝金駒,H471
永福,L317
永遠美麗,H008
江南勇士,H472
江南盛,H326
決一劍,J484
沙井之友,K202
泰力,L171
泰坦,L213
泰泰精神,K007
洛河,J308
洪才,K487
活力拍檔,K554
活力精神,K039
活力輝煌,L203
活得健康,L140
浩然,L392
浪漫勇士,E486
浪漫戰神,K012
浪漫老撾,G476
浪漫鬥士,L240
海上大軍,L187
海洋帝君,K230
海王,K523
海藍寶,H343
海鑽石,L072
深心星,K041
添喜運,J218
添開心,H203
清雲龍駒,K160
渡月橋,K334
港邊小區,K902
渾身解數,K291
源好運,K389
準希望,L047
準輝煌,J273
滿利時,L347
滿心星,K054
滿洛城,K374
潮州精神,H175
潮州高球,L216
潮流勇駒,L209
澄心知遇,L446
澳嘉輝,K232
澳華發發,K467
瀧澤飛駒,H339
火悟空,K335
火流星,L426
火焰閃爍,K098
火神神樂,H384
烈焰光芒,L142
烈進駒,L278
無敵好瑪,L312
無極勇將,J169
無比小子,L259
焦點,H173
煌上,L301
熊噹噹,H002
熒光,L124
熱氣球,K144
熾烈神駒,J157
燈胆將軍,K218
燊威之星,L304
燊輝之星,L067
燭光晚餐,J468
爆出美麗,K155
爆得美麗,K368
爆熱,G368
爆發,L374
爆竹,L065
爆笑,J079
爽飆王子,L256
牛精新星,L200
牛精豪情,K181
特別美麗,H123
狀元及第,E392
狼來了,K353
猛將兄,K089
猶有心得,K394
獎星,H087
獵寶勤,J304
玄宇宙,L257
王者天下,L366
球星,H412
瑞祺威楓,K009
瑤瑤日上,J423
瑪瑙,G306
瑪納霏,K075
瑰麗人生,H044
環球英雄,J413
當家精彩,K322
當年情,G371
疾風財子,L091
發光發亮,H385
發發發,L302
發財先鋒,G171
發財金戈,K457
發財金鞍,L090
白鷺金剛,K296
百勝威龍,H453
百威多贏,K261
百賀飛駒,K021
皇帝英豪,J247
皇者威楓,L158
皇者有利,J539
皇金合,K099
皇金風速,E448
皇龍飛將,J279
皮具伯樂,K401
皮具大師,H034
盈俊天下,L346
盈利寶馬,J326
盈好威楓,K131
盈妍威楓,J300
盈妮威楓,L261
盈智多寶,L391
盈益善,H431
盛世英雄,L348
盛勢威楓,K111
直線力山,G435
相映紅,J426
真叻仔,K435
真心傳奇,J325
眼健康,K455
睿智多寶,L044
睿盛人生,K507
知恩圖報,K166
知足常樂,G448
知道穩勝,K406
砂漿麒星,K333
確好勁,K199
祝願,J256
神之禮,L922
神煞金剛,H202
神燦金剛,K259
神異金剛,K109
神箭,L254
神馳,J321
神駒馬靈,J162
神鵰,L336
祥勝力駒,J181
祥勝將軍,J509
祥勝鷹駒,L341
祥發寬瑩,K488
福星小子,K434
福聚,K410
福進,K529
禪勝輝煌,H212
禪勝閃亮,L051
禾道威,J463
禾道豐,L264
科創世紀,K113
種得好,K579
穿甲戰鷹,J039
穿甲金鷹,K566
竣誠駒,H486
競駿傳奇,K465
競駿勇士,K464
競駿天下,G272
競駿奔騰,K029
競駿皇者,K011
競駿良駒,K178
競駿輝煌,J195
競駿非凡,J401
競駿飛翔,J291
笑傲江湖,K168
笑必勝,L274
笑盈喜,K573
笑看風雲,L162
管之友,E496
籐王駒,K143
米奇,K082
粵港資駒,L033
精巧時計,L042
精彩勇將,L275
精彩動力,H120
精彩福星,K408
精彩駿將,J417
精明選擇,J146
精益大師,H134
精益時代,L297
精益飛駒,L386
精算奕然,K295
精算暴雪,H368
精算激流,J228
精算特殊,H354
精英奪冠,L295
精英雄心,J136
精英高球,L023
紅悅舍,L355
紅愛舍,H110
紅旺繽紛,J255
紅海勁,H207
紅海旺,L098
紅海風帆,H347
紅磚戰士,K580
紅衣財神,K423
紅衣醒目,K184
紅逸舍,H241
紅運光輝,L030
紅運帝王,H115
紅錢到,J116
納百川,J276
紫荊傳令,L108
紫荊戰士,L263
紫荊拼搏,K031
紫荊歡呼,J139
紫荊盛勢,K478
紫辰之星,L149
紫電王,L387
細水長流,K562
經典多寶,L212
綠族無限,H338
綠色最威,L352
綠色鐵蹄,L147
綠色鐵驥,L255
綠茵明珠,K460
綠野飛馳,K245
綫路光驊,H487
綫路樂樂,K482
綫路滿貫,K201
綫路福將,K526
綫路英雄,J428
綫路萬里,H475
綫路達飛,J501
綫路高高,L002
維港智能,G404
維港激流,J393
綻放的心,K055
縱橫大兄,L012
縱橫天下,G123
縱橫天地,L410
總統輝煌,L241
繼往開來,L096
美周郎,K337
美獅魚,L176
美神來,J174
美麗同享,E058
美麗多盈,G477
美麗大獎,L326
美麗星晨,K491
美麗歡聲,H066
美麗登場,L260
美麗第一,H294
美麗邂逅,E459
翠兒威威,K084
翠湖烈風,J288
翠紅,K173
翹峯,H441
耀寶,J437
耀昌勝世,J529
老鼠斑,L233
肥仔精神,K110
肯佩斯,J265
膨才,K076
自力更生,G209
自動自覺,K080
自強不息,H337
自然動力,K256
至合拍,J253
至尊瑰寶,K258
至尊高超,J443
至旺財,H273
至臻完美,K273
至高心得,J395
致力之城,L210
臻至辰,K238
興馳千里,K533
舉步生風,J358
舞林密碼,G365
舞林寶典,J060
舞林盛宴,L364
良言一句,K569
良駒好友,H454
艾彼奧,K193
艾莉奧,G223
花好月盈,H317
花果猴王,H455
花開,L037
花香月明,K276
英雄豪傑,G207
英雄豪邁,G394
英駿威楓,K501
英駿飛駒,H376
荃程路通,E403
莊家班,L115
華美之威,J193
華麗再勝,J008
華麗再贏,L087
萬事勝利,L163
萬事得意,K171
萬眾開心,H208
萬里雲,K279
萬里鵬躍,L009
葳莉非凡,K297
蒙面舞會,L919
蓮冠皇,K186
藍地球,K468
藍爵爺,J448
蜜蜜送,J502
螢影飛馳,K228
行運加持,L018
衝上雲霄,J173
表廠傳奇,L313
觀眾之力,K107
觀萬物,K101
觀萬象,L060
解碼,K359
話你知,G392
謙謙君子,G352
讓愛高飛,E413
豐功偉績,K480
豐盛,J399
豐辰,K004
豪邁先登,L180
豬膶燒賣,K179
財富非凡,L057
財將,L234
財駿快駒,L131
賀龍飛翔,K345
賢心星,J159
賢知友您,K545
賢者威楓,K040
賢者無敵,H301
賢者福星,L078
贏完又贏,K512
贏得威楓,L248
贏得爽,K211
贏得自在,L349
贏得自然,J365
贏玥,L039
赤海,L195
赤風驪,L093
起舞奜奜,K405
超力量,J285
超加加,J486
超勁熊威,L192
超勁赤兔,K312
超勝無敵,K386
超和平,L226
超寫意,K469
超強六十,J071
超拍檔,K484
超智多寶,K541
超步速,K349
超輕鬆,L148
超開心,K260
超霸勝,H069
超風速,J205
越駿聯歡,L202
越駿齊歡,L079
趣盈,K539
跑得好快,J020
跨境寶馬,K008
跨境駿馬,L022
路路勁,K315
踏雪尋梅,K451
蹺妙,L031
輕功猛男,J513
輕鬆大少,J319
輝灑自如,L281
辣得快,K581
辣得準,J520
辣得爽利,L086
辣得金,J087
迅意,K250
追風,J227
逍遙人生,J427
逍遙騎士,K370
通情達理,L183
連連好運,K500
連連幸運,K010
進傲星,J340
運來伍寶,J153
運來勇士,H229
運籌帷幄,K090
運高八斗,G204
過關勇士,K429
遙遙領先,J263
遠觀天象,K910
遨遊武士,J026
遨遊氣泡,E436
遨遊波士,K321
遨遊飛翔,L398
部族高手,K307
都靈冠星,L024
都靈勇士,G150
都靈福星,H165
鄉村威龍,L325
鄉村樂韻,H436
酷霸王,H460
醒目先駒,K006
醒目高球,L004
里見夢境,K907
重情重義,L311
量子力奇,L268
量子猴王,L393
金創福威,K002
金勝名駒,H461
金多囍,K272
金德義,H106
金快飛飛,K121
金津寶駒,L157
金滙千帥,J498
金牌活力,J402
金獅大俠,L082
金玉良言,J499
金珀尖子,L353
金發盛世,E490
金絲楠木,K527
金聖,L399
金蘭兄弟,K510
金運來,H159
金運齊來,L026
金金小子,K180
金錢遊戲,L402
金鎗寶駒,L306
金鑽精靈,J397
金鑽貴人,G180
金風萬里,K150
金駒永騰,J398
金駿星,H470
鈁糖武士,G016
鈦易搵,H216
銀亮奔騰,K057
銀亮濠俠,J532
銀光奔騰,K425
銀刺勇士,J043
銀進,G266
銀騎士,L236
銀騰,J078
銳一,J037
銳不可當,L205
銳喜,L284
銳目,L068
銳行星,L308
銳逸,L417
銳高,J375
鋁主角,L319
鋁神,K105
鋼鐵安防,L174
錶之宇宙,J357
錶之星河,J343
錶之梵星,L104
錶之極光,K097
錶之浩瀚,L106
錶之無限,L100
錶之翠河,L282
錶之銀河,H399
鐵甲驌龍,J459
鑽得勝,K216
鑽石星空,J275
鑽飾閃耀,L182
長勝金剛,K266
長勝隊長,K379
長峰小子,K117
閃光燈,J500
閃耀天河,K514
閃耀威龍,G427
閃電奇駿,L362
閃電小子,L126
閃電星福,K431
閃電武士,L062
開心三多,H293
開心三寶,K511
開心五月,K016
開心勇駒,H451
開心孖寶,K475
開心宇宙,J533
開心指數,L152
開心旺財,L045
開心樂園,J311
開心瑰寶,L027
開心福駒,L413
開心老闆,K453
開心菓,K388
關鍵所在,K154
陶夢成真,K520
陸小鳳,K282
陽光勇士,H244
隋我同來,K332
隨緣得勝,K223
隼風雲,K459
雙劍合璧,L290
雙子美麗,L129
雙星報喜,K126
雙贏,H382
雪茄福星,K422
雷神太保,K017
電光高昇,L375
電子好好,L119
電子紅心,K497
電子騰飛,L181
電源之駒,E301
電玩精英,H356
電訊巴打,D482
電訊驕陽,J332
電路一百,K308
震撼人心,L420
靖哥哥,K503
非凡勇士,K561
非凡時刻,K275
非凡豪傑,J445
非惟僥倖,J050
韋少寶,K540
韋金主,K061
順善寶,K239
順成之星,K287
頌星,K343
頑童,L144
領創動力,J058
領航傳祺,G126
領航君子,K310
領航多福,L201
領航多財,L101
領航天子,J494
領袖勁力,L034
領駿先鋒,L359
領駿精彩,L344
領駿輝煌,L265
顏色之皇,K227
顏色的顏,L054
顯勝高昇,K409
風將,L184
風捲殘雲,K555
風火恆雲,H388
風火猴王,J511
風火輪,L188
風繼續吹,E471
風起雲湧,J183
風采人生,J366
風雲,J371
風雲武士,J027
風騷大師,K556
飈誌,J504
飛來閃耀,K175
飛來霸,K284
飛揚騅,L070
飛越晨曦,K483
飛躍凱旋,G250
飛躍成就,K112
飛躍星伴,L189
飛躍精英,H247
飛輪步,H122
飛輪霸,K320
飛雲,H320
飛馬座,L075
飛馳九洲,L283
飛鷹翱翔,H117
飛黃,J406
飛龍在天,K411
飲杯,J219
首飾天空,K032
首飾悟空,K314
首駿,K189
香港仔,L020
香港神駒,J266
香港精神,D241
馬上盈,J394
馬力,J431
馬寶寶,K586
馬運高,L175
馬達,K165
馬錢子,L053
馬馳登,L133
馬鳳凰,J516
馭跑得,L193
駟跑得,G095
駿先生,H180
駿奕快車,J188
駿步騰飛,H395
駿毅快車,L397
駿皇勝,J411
駿皇逸,K330
駿美一生,L085
駿跑得,K208
駿馬之光,K159
駿馬之寶,J373
駿馬之星,J368
駿馬之曲,K436
騰昇瀧駒,L340
騰達勇士,K376
騰龍四海,J317
騰龍踏雪,L111
驍將,K567
驕陽明駒,H302
驕陽雄心,K553
驥跑得,K206
高士威勁,L196
高山神駒,L334
高度評價,L316
高感,J515
高明豐勝,L128
高高至高,L032
鬆啲,K384
鬥志波,K096
魅力奔騰,K426
魅力寶駒,G213
魅力星,K052
魅力知福,K038
魅力知耀,K428
魅力知願,L011
魔法速遞,H290
魔術控制,J333
魯班精神,J233
鳳翼天翔,K404
鴻圖大展,L138
鴻圖新星,J323
鵲橋飛昇,L244
鸚姿威鵡,L063
黃金大亨,L135
黃金騎士,K341
鼓浪好友,J217
鼓浪飛凡,H018
鼓浪高升,J479
齊歡最樂,J182
龍之尊,K462
龍之悅,K571
龍之邦,K079
龍傲綾羅,K318
龍又生,J269
龍城上將,L300
龍城強將,H095
龍城精將,K203
龍威心得,L120
龍文正道,L415
龍文瑞安,L029
龍文鞭影,K226
龍船快,G229
龍虎精神,L116
龍騰盛世,L335
