horse_name,horse_id
GO GO GO,H196
SUNNY BABY,E166
JOYFUL PROSPERITY,H213
CIRCUIT NINE,G140
HARRY'S HERO,H332
CASA LEGEND,G126
MR ALADDIN,H386
FURY AND GOLD,H202
KINGLY DEMEANOR,H486
HAPPY HUNK,H101
VERBIER,J187
LEATHER MASTER,H034
TIGER AND GOLD,J064
SAME TO YOU,H057
HO HO STAR,H291
SUPER ELITE,H247
THE GOOD DEAL,G025
SMART LEADER,B456
REGENCY HAPPY STAR,H248
YOUTH POWER,H358
ALLOY KING,D287
RED MAVERICK,J067
MOLLY'S WITNESS,J121
LUCKY QUALITY,D050
TATTENHAM,H121
EXCELLENT DADDY,E321
KA YING RISING,J062
BEAUTY WAVES,H294
SUPERB CAPITALIST,H092
HARMONY N BLESSED,E061
FLYING ACE,G045
LUCKY WITH YOU,E356
PACKING TREADMILL,G161
BEAUTY CHARGE,G231
MAJESTIC KNIGHT,G258
BABY CRYSTAL,H081
FAST NETWORK,J358
CHEVAL VALIANT,E336
GLORIOUS EXPERT,J028
METRO WARRIOR,D387
COLOURFUL WINNER,J312
CIRCUIT VICTORY,H487
SUPER GLORY,J025
PARENTS' LOVE,H405
RUN RUN COOL,E322
MAJESTIC EXPRESS,J244
ALWAYS MY FOLKS,J345
ALP'S AFFECTION,J289
MY WISH,J256
SUPER LEGENDS,H364
STERLING WONGCHOY,H273
POCHETTINO,J149
CALIFORNIA DEEPLY,G451
YEAH BUDDY,J430
PEARL OF PANG'S,J447
SNOWALOT,E397
LIFE OF STONE,J374
SUNDAY'S SERENADE,J231
SUPER BONUS,H259
AMAZING RUN,H401
FIGHTING MACHINE,J015
AMAZING DUCK,H392
FORERUNNER,G465
HIGHLAND RAHY,J298
JUMBO LEGEND,G266
CALIFORNIA MOXIE,J131
RED ACLAIM,J017
BEAUTIFUL WIN,J250
CIRCUIT FIERY,H475
CHARITY FOR ALL,H417
STAR LINE,J110
CALL ME SUPREME,J202
CHIU CHOW SPIRIT,H175
SUPERB BOY,G335
KARMA,G392
KEEFY,G306
CHING,G380
SUPREME LUCKY,G457
BEAUTY CRESCENT,H334
FRANTANCK,H429
HARMONY N HOME,C531
SOLID WIN,J225
BALLISTIC WIN,J040
GALLANT CROWN,D359
CIRCUIT MIGHTY,G078
OWNERS' PRAISE,H047
GANGNAM STAR,H326
FAMILY JEWEL,J390
VIVA GRACIOUSNESS,J079
U S S CONSTITUTION,H357
PRINCE ALEX,G307
LUCKY GOLD,G112
BLAZING WIND,J157
SUPER FORTUNE,G065
HAROLD WIN,J280
GENEVA,J114
MASTER MASTERMIND,J024
YUEN LONG ELITE,J272
HAPPY FOR ALL,H181
TAKE ACTION,J098
DAY DAY VICTORY,J423
SUPER CHARIZZARD,J184
CHAMPION METHOD,H366
FIRST LOVE,J355
EN PERFECTO,J409
GORGEOUS WIN,J008
GLORY ELITE,H311
CAPTAIN WIN,E466
NOT USUAL STAR,G396
PRINCE OF PORTY,H009
ELEGANT LIFE,J366
ENDEARED,H161
KING ECCELLENTE,G264
SILO,J399
ALPHA ONE,J435
AWESOME TREASURE,E435
POLARIS,J404
YOUNG SUPERSTAR,J400
KAHOLO ANGEL,H216
MODULECONSTRUCTION,H127
VIVA A LA,G282
JOYFUL LIFE,H426
SUPER EAGLE,G408
SPEEDY CHARIOT,H193
CHEER FOR SOUTH,H178
HAPPY FEELING,H443
DAILY TROPHY,H283
WIND SPEEDER,E281
HIGH RISE POWER,H353
SCOTCH TYCOON,G088
GLORY B,H373
COSMO NAVIGATOR,H156
SIGHT HAPPY,J261
SIXTH GENERATION,G120
JOY COMING,H149
YODA'S CHOICE,J146
LIGHTNING BOLT,G130
PACKING POWER,J284
FAIRY HORSE,J144
AURORA LADY,J066
FLYING WROTE,J290
HAPPY TRIO,G244
COLONEL,D090
RAGNARR,H297
TO INFINITY,G277
NINJA DERBY,H339
YEABOI,G372
PRECISION GOAL,H016
RUNNING AHEAD,G313
INVINCIBLE MISSILE,C037
RELIABLE PROFIT,G462
RIGHT HONOURABLE,A164
GOLDEN FAIRY,E448
KYRUS UNICORN,D267
KEEN UNITY,G298
SERGEANT PEPPER,E432
YEE CHEONG SPIRIT,H379
MA COMET,H391
CIRCUIT SEVEN,D474
MR VALIANT,G288
LESS IS MORE,H406
SWEET DIAMOND,G063
HAPPY HORSE,H061
FORTUNE WARRIOR,H229
ACE POWER,J181
SUPER SIXTY,J071
FUNG,J101
MATSU VICTOR,H472
RED MAJESTY,E028
FOREMOST TEDDY,J058
DRAGON STAR,H128
VIVA HUNTER,E369
DURHAM STAR,E082
LITTLE FAIRY,H206
ATOMIC BEAUTY,H066
KASA PAPA,G312
DOUBLE WIN,H382
D STAR,G374
SUPER BABY,G364
HELENE WARRIOR,J207
SAMARKAND,H070
I CAN,H381
SETANTA,G095
IVY LEAGUE,H116
COMET SPLENDIDO,G071
HAMERON,H265
GLORIOUS JOURNEY,J137
GALVANIC,H147
ROMANTIC LAOS,G476
LOVERO,H451
SUPER JOY N FUN,J164
REWARD SMILE,H256
LUCKY ARCHANGEL,E385
RIGHTEOUS ARION,H059
GOLDEN EMPIRE,E490
NEVER TOO SOON,E434
SUGAR SUGAR,G016
KA YING CHEER,H369
HAPPY FAT CAT,G166
ONE FOR ALL,G012
MEGA BONUS,E184
SPECIAL HEDGE,H354
SOARING BRONCO,J162
MISTER DAPPER,H376
MIDORI BURLY,J083
SMART BEAUTY,G477
SMART CITY,J213
PERFECT PAIRING,J331
GALE SAGA,J152
DRAGON DELIGHT,G395
THE KHAN,H489
TSUEN WAN GLORY,E403
SUPER JOY,G251
VULCANUS,J150
MERCHANT PRINCE,H268
THE CONCENTRATION,H465
CHATEAU LE PECHE,H471
SUPER INFINITY,J320
KING OBERON,H407
JUBILANT WINNER,J346
AFFIRM,H306
BULB EMPEROR,J241
ALWAYS FLUKE,H252
OMAKASE,H416
URBAN TRIUMPH,H200
EXUBERANT,E282
SPORTIC WARRIOR,J385
MY FLYING ANGEL,J174
CHARMANDER,G437
PERFECT PEACH,E488
ISLAND GOLDEN,H018
BEAU GOSSE,G389
MEDIC ELITE,G129
SO AWESOME,D258
GO HERO,H315
CERVIN,H253
COOL BLUE,H011
CALIFORNIA ICON,H404
CIRCUIT BLAZING,H479
SOARING TOWER,D500
TEAM HAPPY,J218
MIGHTY STRENGTH,H450
ENJOY GOLF,J222
ONLY U,J037
STRONGEST BOY,H027
AEROINVINCIBLE,J180
COMING PATCH,G222
JOLLY COMPANION,H454
HANDSOME BOMB,H402
ORIENTAL TYCOON,J112
VANTASTIC CHOICE,G401
MEANINGFUL DRAGON,H453
MR ENERGIA,J239
CRAZY TREASURE,J063
REGENT GLORY,E323
SONIC BOOM,H144
SKY SONG,J159
ROBOT KNIGHT,H464
HERO STAR,D033
SHANGHAI STYLE,J093
WRITTEN CASA,J305
AMAZING FUN,H442
FORTUNE WHISKEY,J153
STRIVE FOR GLORY,D186
DEVAS TWELVE,H435
DRAGON FOUR SEAS,J317
SATIRICAL GLORY,H073
CHATER GOLD,J004
MISSION VOICE,H444
HARMONY GALAXY,J266
MISTER FOX,J059
LUCKY IMPACT,J337
TOP PEAK,H441
MILES AWAY,J221
SUPER WIN DRAGON,E253
CAPITAL DELIGHT,H262
TALENTS AMBITION,J136
SELF IMPROVEMENT,H337
PACKING BOLE,H246
VIVA CHALEUR,G368
MAJESTIC COLOUR,H124
GOR MO TUEN,J434
MAGNIAC,H141
UNPRESUMING,H143
NATURAL HIGH,J365
I AM THE BOSS,H446
MAGIC CONTROL,J333
STELLAR EXPRESS,J186
CELESTIAL COLOURS,H362
FLYING HIGH,E204
HASTEN DELIGHT,J229
MIGHTY COMMANDER,J360
CARROLL STREET,D489
SAVVY BRILLIANT,J437
ETERNAL FORTUNE,K010
MULTISUPER,G416
ORIENTAL SMOKE,E467
PHOENIX LIGHT,G192
CAPITAL LEGEND,G333
SUMMIT CHEERS,E221
SUNLIGHT POWER,H244
FORTUNATE SON,J446
MIGHTY STEED,J384
LO PAN SPIRIT,J233
SUPER LOVE DRAGON,J038
GREENWICH,H328
THE HEIR,H459
STAR MAC,J053
SOLEIL FIGHTER,J127
FUN TOGETHER,H041
PRAY FOR MIR,J245
BEAUTY GLORY,E459
SWEET ENCOUNTER,G426
MASSIVE ACTION,E445
PERFECT GENERAL,J417
CHATEAUNEUF,J219
SHINKANSEN,H277
GIMME FIVE,J099
TELECOM POWER,J332
HAPPY DAY,G119
JUDY'S GREAT,J016
GIANT LEAP,J143
GOLDEN LUCK,H159
HAPPY SOUL,G249
WOOD ON FIRE,C460
YOUNG HORIZON,G272
UNISON,H423
SO TREASURE,H351
TOGEPI,G458
SAVVY CHIC,G261
SWEET BRIAR,H044
SMART FIGHTER,H278
TACTICAL COMMAND,H197
GALLANT VALOUR,H323
SUNNY DARLING,J171
LUCKY PLANET,H235
TRIPLE BLISS,J310
E UNIVERSE,H151
HAPPY TANGO,D075
ACE TALENT,H046
MAGIC TRAVELLER,H102
DIAMOND SOARS,G201
GORGEOUS VITALITY,G051
DOUBLE SHOW,G250
PLENTIFUL,G400
FALCON COURT,J056
GOODMANSHIP,E208
PHILOS,H371
STAR CONTACT,E472
SIMPLY MAVERICK,H346
SUPREME AGILITY,J267
BEATO,H090
PERFECT TEAM,H120
GALLANT WAKING,G165
SATIRICAL FAN,J214
SILVER KING,H420
ACROSS DA UNIVERSE,J328
FOREVER GLORIOUS,G229
STORM WINNER,J069
ME TIME,J074
FLYING SILVER,E478
WINNING STEPS,G420
HAPPY HERO,G322
NICE BIRDIE,G470
PEGASUS GENERAL,G189
SERANGOON,H296
AFFORDABLE,J242
BRAVE STAR,G268
HEALTHY HEALTHY,H203
YOUNG ARROW,J401
SOVEREIGN FUND,J402
MOJAVE DESERT,J330
EXCELLENT PEERS,G033
PARTERRE,E234
POWER KOEPP,E301
MUST GO,J133
WOODFIRE BRO,G115
FLAMINGO TRILLION,H192
RED HARE KING,H188
OUTGATE,H113
CHILL CHIBI,H109
MOMENTS IN TIME,H474
MR ASCENDENCY,G227
HELENE FEELING,H215
TELECOM FIGHTERS,D482
FLAMING RABBIT,H257
YELLOWFIN,G326
NATURAL STORM,C461
FLOOF,H432
LUCKY BANNER,G354
FOREVER FOLKS,G463
EXCEL WONGCHOY,J194
HAKKA RADIANCE,J105
BILLIONAIRE SECRET,G303
GAMEPLAYER WARRIOR,J178
SOLAR GOGO,H390
COLOURFUL BARON,G301
JOYFUL CHAMPION,G072
ASIAN ONE,E400
PATCH OF WATCH,H476
SUGAR BALL,H394
STELLAR SWIFT,J139
STORMING DRAGON,J237
FUN N FUN TOGETHER,J232
RUN RUN TIMING,H403
CIRCUIT MAXIMUS,J347
GOOD LUCK WIN,J135
WINNING TURN,J163
GET SET WIN,J287
PATCH OF COSMO,J357
ETALON OR,J273
NORTHERN FIRE BALL,J488
ANGELIC,J336
RUN YES RUN,J264
WORLD HERO,J413
SKYEY BLUE,J212
SANTORINI,J076
CONCORDE STAR,J344
CASHISCASH,J369
SMART ZIPANG,J165
SUPREME WINNER,J255
MR GOOD VIBES,H180
PANDA,H466
HOLY POWER,H039
DRAGON AIR FORCE,J279
SOLAR UP,J134
ALMIGHTY KICK,J254
SUPERSONIC,J192
SPICY SPANGLE,J087
VIGOR ELLEEGANT,J375
TURIN STARSPANGLED,J209
ILLUMINOUS,J170
AWESOME FLUKE,J050
FLAGSHIP WARRIOR,G452
UNIVERSAL HORIZON,G360
FALLON,H219
BEAUTY LIVE,G057
PACKING HURRICANE,H137
TRUE GENIUS,J073
BRIGHT INHERITANCE,J215
EIGHTEEN CARAT,J104
THE GOLDEN SCENERY,E379
TAJ DRAGON,H164
HEALTHY HAPPY,D435
WONDER KIT,G455
ALL RICHES,G060
STRATHPEFFER,H095
BEER PALACE,H361
MAJESTIC SPEED,J018
SMASHING EXPRESS,J252
MIU FA FA,J145
FAST AS ROCKET,H375
FORTUNE COOKIES,J032
WUNDERBAR,H411
LUCY IN THE SKY,J275
CALIFORNIA TOUCH,J051
STORM RIDER,J027
PRAWNS ELEVEN,J140
COPARTNER PRANCE,H408
BUNDLE OF CHARM,G213
SING DRAGON,J141
SON PAK FU,G265
WATCH BUDDY,H185
YOUNG CHAMPION,J195
FULL CREDIT,J185
VICTORY MOMENTS,H142
ARTHUR'S KINGDOM,E194
FRUITY WARRIOR,J035
SPLENDID STAR,G026
TURTLE AGAIN,H083
WOODFIRE CHAMP,H292
DAN ATTACK,H317
GALLANT GOODY,H434
HERO WARRIOR,J006
DENFIELD,G471
TALENTS SUPREMO,H133
EVER SMART,J179
NEBRASKAN,J304
EMBRACES,J276
DOUBLE BINGO,J309
CAN'T GO WONG,H087
TURIN WARRIOR,G150
NOBLE PURSUIT,H324
CHAIN OF GOLD,J138
SOLAR PARTNER,E364
CALIFORNIA VOCE,H258
EIGHTEEN PALMS,H033
ROCKET SPADE,G170
SUPER UNICORN,H481
COURIER MAGIC,H290
SURE JOYFUL,G125
TRADITION,J111
BRAVE WITNESS,H425
ON THE LASH,J182
SPICY GOLD,H440
GLORY CLOUD,H320
NEW POWER,H325
BEAUTY DESTINY,H281
IVICTORIAM,J226
MY DAY MY WAY,J519
PRIME MORTAR,G328
RED ELEGANCE,H241
ATOMIC FORCE,G221
ALLGREEKTOME,H007
HEROIC MASTER,G394
ARMOUR EAGLE,G093
MIDORI GLORY,J248
YOUTHFUL SPIRITS,J082
BITS SUPERSTAR,J362
O'LINER,H264
SPANGLE FORTUNE,G427
YEE CHEONG RAIDER,J176
MACANESE MASTER,J532
WINNING HEART,H065
SEA AIR LEGEND,H318
BOWSER,H460
ACA POWER,E144
VALHALLA,E495
FLYING DRAGON,E360
FOXHUNTER KING,J044
CALIFORNIA BANNER,J132
FOOLISH HEART,J054
LEEDOX,J154
DEAL COMPLETED,J378
HAPPY DAILY,E294
NORTHERN BEAST,H233
RUBYLOT,H412
BOTTOMUPTOGETHER,J316
GREAT STATE,J124
GOKO WIN,H069
EQUATORIAL,J128
WIN SPEED,J205
LUCKY TOUCH,J203
EVERYONE'S CLASSIC,J407
UNIVERSAL BLAZE,J160
STRATHBARRY,H413
VOYAGE SAMURAI,J026
M UNICORN,G466
SECOND TO NONE,H319
VOLCANIC SPARK,H388
WINNING DRAGON,E461
FORTUNE SUPERSTAR,J210
PRESTIGE ALWAYS,J300
LESLIE,E471
THRIVING BROTHERS,J396
KING MILES,J158
SUPER GOLDI,H477
PHANTOM CYCLONE,J271
GREEN N WHITE,H186
FIRE BALL,D087
AROMATICA,H437
NOBLE WIN,H195
ALWAYS AWESOME,H245
LINK,J177
COMMANDING MISSILE,G210
BEAT HOLLOW,G414
CHILLI BABA,G339
E GLORY,H304
MANYTHANKS FOREVER,J065
RATTAN WORLD,G384
MORE RICE,H271
GREAT SPIRIT,J155
NEW FUTURE FOLKS,J418
TRIUMPHANT WARRIOR,H430
ERNEST FEELING,E209
BIENVENUE,J490
GLUCK RACER,E157
CIRCUS REEL,J274
ENSHINE,J196
PATCH OF TIME,H483
CHEERFUL WORLD,H352
TOP SCORER,J120
HAPPY PARK,J311
GOOD PROSPECT,J406
SILVER DESTINY,J096
THE PRIME,J352
NIGHT PUROSANGUE,J510
VIEW OF THE WORLD,J348
JUMBO FORTUNE,G195
SHARPEN BRIGHT,H276
JUBILATION,G029
INTREPID WINNER,G144
THE AZURE,J227
SUPER HONG KONG,D241
WHIZZ KID,E392
CALL ME GLORIOUS,H410
INVINCIBLE SAGE,H301
NERVOUS WITNESS,E421
STOLTZ,G147
DROMBEG BANNER,H117
PATCH OF THETA,H485
DANCING CODE,G365
GRACIOUS EXPRESS,J188
MOTOMAN,J436
HARMONY FIRE,E175
EIGHTY LIGHT YEARS,H170
WINNING GOLD,H461
TOP GUN,J249
JOLLY RULER,E346
FIND MY LOVE,H110
ROMAN CROWN,J456
THE WAY WE WIN,J493
ARIEL,G223
LADY BILLIE,H365
TELECOM BULLET,J097
PALACE PAL,G172
BLISSFUL STAR,E168
MASTER TRILLION,J442
BRILLIANT FIRE,J441
KA YING POWER,H169
VICTORYTHIRTYTHREE,J216
INVINCIBLE DELIGHT,J372
DASH AVENUE,H327
GUSTY FIGHTER,J029
ACE VICTORY,H076
LUCKY EIGHT,G204
GOLD MASTER,J389
QINGYUAN STAR,J350
LORD OF THE ROSE,J297
MARKWIN,J420
FLYING LUCK,J339
DREAM PURSUER,G241
GOLDEN SAMURAI,H024
DASHING DRAGON,J464
PLEASANT ENDEAVOR,E114
KING PROFIT,J539
STAR GLOW,J429
WE ARE HERO,G207
SKY TRUST,J161
LUCKY FIONN,J047
SUPER BEN,J148
LADY'S CHOICE,H155
MIGHTY STRIDE,G346
DIVANO,J142
SKY FOREVER,E414
RUN RAN RUN,J108
KING OF DUBAI,J433
HONG KONG HALL,G315
SWORD POINT,G448
ADEFILL,G317
TURIN MASCOT,H165
APACHE PASS,D433
BERLIN TANGO,E120
KA YING GENERATION,J075
THE BEST PEACH,H139
ALL FOR ST PAUL'S,C517
SPEEDY FORTUNE,H097
GOOD VIEW GLORY,H154
LAPRAS,H374
CHARITY GAIN,H431
CONFRINGO,J322
KIMBERLEY,H329
UNITED ENDEAVORS,G030
LYRICAL MOTION,G081
NEVER PETER OUT,J200
GOLDEN RISE,H242
FORTUNE RACER,J234
HAYDAY,H321
SKY PROPHET,J095
HIGH PERCENTAGE,G413
CURRAHEE,J204
SWIFT ASCEND,H395
YOU'REMYEVERYTHING,E413
LEAN MASTER,H134
KING GLORIOSO,J247
TOY SOLTERO,J268
WINGS OF WAR,H162
JUNEAU PRIDE,J443
CIRCUIT JOLLY,J506
KA YING ATTACK,J391
TOP TIME,K006
SMILING EMPEROR,J371
BABY SATELLITE,J262
ENTERPRISE ATTACK,H340
CANDLELIGHT DINNER,J468
ENSUED,H452
SUPER WISE DRAGON,G475
WINNING SEVEN,J005
MASTER OF ALL,H177
CLASSIC CENTURY,J440
LOVING VIBES,J359
DRALA,J376
REWARDING TWINKLE,J368
CALIFORNIATOTALITY,H418
DARCI JOY,E161
PRINCIPLED,J206
ACCOLADE START,H331
GALLANT HERO,E480
GALAXY PATCH,H399
VOYAGE BUBBLE,E436
CHANCHENG GLORY,H212
STRAIGHT ARRON,G435
BEAUTY JOY,E058
BEAUTY ETERNAL,H008
RED LION,H115
LA CITY BLANCHE,G371
HAPPY TOGETHER,G446
SUNNY DA BEST,J118
CELTIC TIMES,G230
AMAZING VICTORY,G123
SPEED DRAGON,H380
YOUNG ACHIEVER,J291
LUCKY ENCOUNTER,H274
SEASONS WIT,H223
WONDERSTAR,J531
ATULLIBIGEAL,G173
PODIUM,H173
ROARING BEBE,H105
SILVER SPURS,J043
MODEST GENTLEMAN,G352
BRAVE OF FRIENDS,J382
APOLAR FIGHTER,J169
WAH MAY WAI WAI,J193
THE DOUBLE EAGLE,J342
CIRCUIT TEN,G429
SUPER TREASURE,J211
LUCKY MAN,J315
RIDING HIGH,J403
VICTOR THE RAPID,J393
BEAUTY INFINITY,H377
POSITIVE SMILE,J467
AESTHETICISM,H289
KYRUS DRAGON,H396
GUSTOSISIMO,J303
EASON,G061
OUR LUCKY GLORY,G292
NORDIC DRAGON,G467
TALE OF PERTH,J469
PAKISTAN FRIEND,B370
NOT A FEW,J109
E TALENT,H310
LEGEND ST PAUL'S,J507
CORLEONE,J426
FASHION LEGEND,J080
FIREFOOT,J183
FIGHT TIME,H409
SUPER TAICHI,J201
PATCH OF LUCKY,J349
FUN N GLORY,G003
BEAUTY MISSILE,H123
CARRYON SMILING,J392
EXCEED THE WISH,J480
LUCKY GENERATIONS,J338
C P BRAVE,E306
STUNNING PEACH,J301
MONEY CATCHER,G171
DRAGON JOY,J278
MONARCH COUNTY,J421
COURIER ALADDIN,J387
DECRELOT,J551
HELIOS EXPRESS,H302
CALIFORNIA SPANGLE,E314
HOWDEEPISYOURLOVE,H093
ENCOUNTERED,G236
PACKING HERMOD,J277
ARMOUR WAR EAGLE,J039
I GIVE,H036
GIDDY UP,J020
MAGNIFICENT NINE,H433
THUNDER BLINK,J019
PERFUSE,J190
BRAVEHEARTS,H389
SUNSTRIDER,J168
SO WE SING,J367
HUGE WAVE,J197
SIMPLE HEDGE,H237
TIMES TABLE,J230
FLYING ROMANTIC,J057
HAPPYDEARHAPPYDEER,J002
AMAZING AWARD,J236
HINOKAMI KAGURA,H384
ALL EYES ON ME,J453
GOLDEN LONG,H462
FAMILY FORTUNE,H447
YOUNG BRILLIANT,H135
GOOD LUCK BABE,K016
SPICY SO SMART,G203
COUNTRY DANCER,H436
JOYFUL FRIENDSHIP,H295
SUNNY SHINES,H484
STURDY RUBY,H207
LAKESHORE HERO,J288
SPEED SWORD,H397
TELECOM DRAGON,H322
GOLDEN DARCI,H470
THE PERFECT MATCH,J253
HOSS,H055
RACINGRACE,J102
RUBY SAILING,H347
GRAND NOVA,J323
KOKUSHI MUSOU,G006
COLOURFUL PRINCE,E418
YOUNG EMPEROR,K011
ROMANTIC SON,J537
RISING FROM ASHES,G209
BRIGHT DAY,J530
LUCKY COMBINATION,J512
HORSEPOWER,J431
VICTORY SKY,J540
BUNTA BABY,J465
HAPPY UNITED,H208
RAGING BLIZZARD,H368
TOMODACHI KOKOROE,H303
SIX PACK,K061
ESCAPE ROUTE,E273
HAILTOTHEVICTORS,J508
FATAL BLOW,J484
CRYSTAL POWERFUL,H068
CIRCUIT DUFFY,J501
MASTER TORNADO,G410
TRIUMPHANT MORE,J489
PARTY WARRIOR,E368
DARING PURSUIT,G424
NEARLY FINE,E430
PACKING ANGEL,J454
OFFROAD MASTER,J283
WINNING LION,K023
ANOTHER WORLD,K005
LIFELINE EXPRESS,H439
FLYING DOUBLE,J388
GALLANT EPOCH,J451
NOT USUAL DRAGON,J438
WINDICATOR FAMILY,H419
NIMBLE NIMBUS,E249
MASSIVE SOVEREIGN,J208
FIVE G PATCH,G286
SENOR TOBA,G103
ALSONSO,J405
THE STORM,J126
PACKING TURBINE,J470
THUNDER PRINCE,K017
PRESTIGE RICKY,K009
GOLDEN ARTIE,G434
NOISY BOY,J536
DILBAGH,K055
STEPS AHEAD,J263
NAMJONG KINGDOM,K015
DEFINITIVE,K037
ACE WAR,J509
SPEEDSTAR,G181
MULTIDARLING,H148
DEVILDOM,H445
BEAUTY LIGHT,J474
PANDA LEGEND,H002
SPICY KNUCKLES,H463
QUANTUM PATCH,H166
SUPERB MOVE,G304
PATCH OF STARS,J343
BEAR CHAMP,J313
DRAGON SUNRISE,J269
SONIC PURSUIT,K051
SOMELOVEFROMABOVE,J503
LUCKY BLESSING,K073
REWARDING BUDDY,J373
MASTER PHOENIX,J516
CITY THUNDER,J173
GOLDENTRONICMIGHTY,K002
HE WAS YOU,J547
EURO ROCKS,H153
MANAGEMENT FOLKS,E496
HARMONY GREAT,K078
SKY DEEP,K041
MASTER STROKE,J036
AERIS NOVA,J534
FLYING FORTRESS,J445
BLESSED NATION,J292
SOLID IMPACT,E447
HE WAS ME,J535
CELESTIAL HARMONY,K059
CHARMING BABE,J513
HAPPY AGAIN,J117
THUNDERBOLTAURUS B,J281
NOTTHESILLYONE,J383
STREET CONQUEROR,H341
MASTEROFMYUNIVERSE,J325
COSMIC SPURS,J380
NEWBORN MIRACLE,J477
KING SHOW,K047
WISDOM STAR,J351
LOADED WITH FLUKE,K069
SKY VINO,K054
MULTIBINGO,J548
BEAUTY ALLIANCE,J260
MARIO,J100
MEOWTH,J487
MEEPMEEP,H234
ISLAND BREEZES,J479
THE AUSPICIOUS,K004
HEALTHY GOLF,J424
LITTLE SQUID,K050
SILVER UP,J078
HAPPY UNIVERSE,J533
SPONGE BABE,H350
VICTOR THE WINNER,G404
MUGEN,H338
ROMANTIC WARRIOR,E486
SILVERY BREEZE,K057
JOHANNES BRAHMS,K014
FANTASTIC FUN,J364
HYPER DRAGON BALL,G450
CASA ROCHESTER,J494
THESIS,H111
PRESS LINK,K018
CHAMPION INSTINCT,H012
FAST RESPONDER,J295
CAMP FIRE,J259
ORIENTAL SURPRISE,K028
TOURBILLON PRINCE,H122
JAMES TAK,J007
ALLURING LAOS,J478
KA YING RESILIENCE,J439
RISING PHOENIX,J498
FUN ELITE,J042
SHINY RAPIDASH,J492
SOLAR RIVER,J308
PRECIOUS HILL,J475
THOUSAND CUPS,J482
HONG LOK GOLF,J517
SKY JOY,K026
BLUE BARON,J448
MAX QUE,J514
SIKANDAR,K063
BINGO BABE,K115
LUCK IS BACK,J398
AURIO,K056
ROMANTIC THOR,K012
CHARMING LEGEND,K127
GLORIOUS SUCCESS,K062
KA YING SUPERB,J091
MICKLEY,K082
KEMPES,J265
ENDUED,K033
GAMEPLAYER ELITE,H356
LUPO SOLITARIO,J495
FLYING PHANTOM,J086
GOLD TACK,H106
ZETTA FORCE,J546
SEA SAPPHIRE,H343
SPEEDY SMARTIE,H108
DO YOUR PART,J444
TURF PHOENIX,J294
THE BOOM BOX,K076
ISLAND BUDDY,J217
PERFECTO MOMENTS,J003
GOOD CHAP,J499
FANCY STAR,H428
KA YING WARRIOR,H028
MARK THE MOMENT,H088
MATTERS MOST,K154
KA YING VICTORY,H287
RUN RUN SMART,K080
MAGIC HALLOW,J329
THE REVOLUTION,K092
FLYING AKEED,J471
JOLLY JUMPER,K110
SPANISH FLAME,K013
CHARMING STEED,E494
SHINE BRIGHT,H385
BRILLIANT EXPRESS,J321
INVINCIBLE LUCKY,J119
FORTUNE BOY,K098
SUPER STRONG MAN,K001
SWAGGER BRO,K089
HALO OF SUCCESS,K133
C YEAH,K034
GIAVELLOTTO,K923
DUBAI HONOUR,G809
STELLENBOSCH,K928
LUXEMBOURG,J813
MARQUISAT,K925
IRESINE,K924
CONTINUOUS,K927
PRADARIA,K926
WITHOUT A FIGHT,K921
SATONO REVE,K907
TOSHIN MACAU,K906
LUGAL,K903
RECOMMENDATION,K908
STARLUST,K905
SOUL RUSH,J808
LAZZAT,K901
ANTINO,K909
DOCKLANDS,K902
JANTAR MANTAR,K910
RAMADAN,K911
LIBERTY ISLAND,K917
TASTIERA,K913
THE FOXES,K916
CALIF,K914
CONTENT,K918
SPIRIT DANCER,K912
WINGSPAN,K919
TAMRA BLITZ,G237
GALAXY WITNESS,G110
ALLCASH,K190
TIMESTORM,G109
JOYOUS LILY,J525
BIG RED,H299
A AMERIC TE SPECSO,H037
SPORTS LEGEND,H456
BRAVE JOY,J307
TRAVEL GOLF,H063
MIDORI FUJI,J432
SNOWTHORN,K025
HAPPY SHOOTER,J427
SMILING COLLECTOR,G128
CALIFORNIA STAR,J123
FANTASTIC TREASURE,E269
LIGHT YEARS CHARM,K130
FRANCIS MEYNELL,J394
JOYFUL HUNTER,H198
CAP FERRAT,K021
S J TOURBILLON,G138
ROMANTIC NOVELIST,J167
CHILL KAKA,J486
PING HAI COMET,H344
SIGHT SUPREME,J258
ALL ARE MINE,H293
STORM RUNNER,J452
MISSION STRIKE,J377
LUCKY STATEMENT,J521
GROOVY FEELING,J515
SPIRIT OF PEACE,K007
SOMETHING JONAH,K024
PERPETUAL POWER,J326
SWEET SMILE,J282
BEAUTY INVINCIBLE,J419
NOBLE DELUXE,K052
BLING BLING GENIUS,J397
ICONICAL,J504
COSMO LIGHT,J379
KARATE EXPRESS,J306
RIDING TOGETHER,K081
AURORA PATCH,K097
KNOW AT HEART,K108
BEAUTY VIVA,K155
LEGENDARY IMPACT,K035
BUNDLE AWARD,K020
STORMI,K084
SMART TRIO,J538
CLUB ACE,J523
BEAUTY THUNDER,J299
CHILL MASTER,J319
STELLAR GRANDE,J189
GOOD GOOD,J224
YOO YOO KNIGHT,H053
NAVAL FORCE,K158
SHAMUS STORM,K031
CLEAR COURAGE,J257
TOP DRAGON,J481
CALIFORNIA BLITZ,J370
THE ABSOLUTE,H438
QUICK QUICK WIN,K102
SKY CAP,K125
GUMMY GUMMY,H089
WINNING WING,K129
LO RIDER,K161
EXCELLENCE VALUE,K093
SAVVY TWINKLE,K067
HAPPY HOLIDAY,J240
NOBLE GO,K053
SHOTGUN,K111
BROTHER CHENG,J046
QUICK CONTRIBUTION,K112
SUPER LOVE,K118
JOYFUL TREASURE,J496
GENERAL SMART,K138
NOBLE FANS,K038
MR JUSTICE,K072
LIVEANDLETLIVE,K156
REZEKI,J340
SUNNYVALE,K036
UP WITH CHARM,K139
TELL ME MORE,K019
PRESTIGE GOOD,K131
SUNNY Q,J223
AMAZING GALAXY,J238
BEAUTY FORMULA,K066
KA YING RADIANCE,K134
DREAMING WINNER,K046
VICTORY PATCH,J415
DREAM WINNER,H308
HOLMES A COURT,J511
PAKISTAN LEGACY,J363
VON BAER,K198
SILK ROAD GLORY,J361
CONSPIRATOR,K090
KING OF FIGHTERS,K174
BUCEPHALAS,K096
STARMEN,J199
DRACO,J115
IRON LEGION,J459
LA MOMENTO,J476
VIEW ALL THINGS,K101
INNO CENTURY,K113
FANTASTIC HONOUR,K100
MASK RIDER,K169
MONTA FRUTTA,H455
ANOTHER ZONDA,K176
CALL ME GORGEOUS,K091
I P O BROS,K193
SKY HEART,J092
MIDORI GIANT,K095
TEST FOR LOVE,K083
RICH HORSE,J191
SKY JEWELLERY,K032
MUSANG KING,K068
DIVINE MOONLIGHT,K119
FIT BEAUTY,J483
RAGING RAPIDS,J228
WITH A SMILE,K136
FLASH CURRENT,J500
SPICY STANDARD,J520
EVERYONE'S STAR,K172
NEW FOREST,K094
LOST CHILD,G461
CAMBRIDGE,K085
INVINCIBLE SHIELD,K168
GOLDEN FRIENDSHIP,K106
MAGNIFIQUE,K141
MAGIC BEANS,J549
APPEALING CITY,J491
SOUTH STAR,K153
CRIMSON FLASH,K173
SPARKLING FELLOW,K175
BLAZING BEAM,K103
YOUNG STRIKER,K029
YEE CHEONG GLORY,K074
ARDEN,J505
ENTHRALLED,K252
MID WINTER WIND,K208
SOLID CAR,K058
TAIHANG SCENERY,J314
LUCKY SAM GOR,K114
LA FORZA,J285
JUMBO TREASURE,K249
KING ALLOY,K099
KING VICTOR,K042
OCEAN IMPACT,J502
AUTUMN VIBES,K150
IRON FIGHTER,J497
SIGHT DREAMER,J542
OLDTOWN,K105
YIU CHEUNG VICTORY,J529
EVERSTAR,K264
MORGAN SUCCESS,K203
MR VIGOR,K164
LOOKS OUTSTANDING,K022
LUCKY KING,J449
SHINYU KOKOROE,K263
KOLACHI,J395
LASERBLANCA,K242
WROTE A NEW PAGE,K226
TIME TO FIRE,K117
LUCKY SYMPHONY,J089
BOMBUS,J410
EVERYONE'S GALLOP,K140
ROSEWOOD FLEETFOOT,J524
MAGIC COMBO,K213
CONSPIRACY WITNESS,J541
MEGA FORCE,K200
COLOURFUL KING,K227
SAL,K267
FREE PONY,K229
SUPER SICARIO,K306
LEADING ARTICLE,K071
AGENDA,K160
MANAPHY,K075
SUPER CONTENTED,H251
CELESTIAL PATCH,K151
CROSSBORDERPEGASUS,K008
AHREN,K183
BULB GENERAL,K218
JOY OF SPRING,H383
IGOT,K170
LEAN HERO,G402
MY INTELLIGENT,G031
AUTOMATED,K177
MULTIDUTCH,K171
JUSTIFYING,K027
SUPER STRONG KID,K180
HAPPY BOYS,J545
DASHING PAL,K045
LUCKY MY WAY,K146
FLYING AMANI,K152
MONDIAL,K206
RAMADAN,K309
YOUNG BRAVO,K178
LOVEISINTHEAIR,J550
STAR FIGURE,K215
ROMANTIC FANTASY,H168
TAI VICTORY,K124
MOUNT EVEREST,K237
TOP THRONE,K116
AKASHVANI,K234
SEA EMERALD,J518
SURUGA BAY,J022
SPEEDY TRIDENT,K230
CALL TO COMMAND,J243
CATCH ME IF U CAN,K060
LIGHTNESS OF BEING,K159
UNBELIEVABLE,J130
GHORGAN,K199
MR COOL,K184
ABSOLUTE HONOUR,K260
HONEST WITNESS,K283
GLACIATED,K272
GO GENERAL,H330
DAZZLING FIT,K298
DASH,K250
FLYING TING LOK,K228
CHEVAL VICTORIOUS,J458
MASTER CHAMPION,K266
WATCH THIS ONE,K268
REGAL GEM,K258
SUPER EXPRESS,K245
SNOWFIELD,K251
MAJESTIC DELIGHT,K189
POPE CODY,K313
RAGGA BOMB,K162
WARRIORS DREAM,K255
NUCLEOZOR,K285
WAVE GARDEN,K209
BASIC INSTINCT,K289
SOLID SHALAA,H228
REGENCY WIN WIN,K214
RISING FORCE,K236
G LINER,H072
FORTUNE STAR,K003
RUNJEET,K276
KA YING GLORY,K247
LITTLE PARADISE,K246
WINNING MACHINE,K239
TRULY FLUKE,K270
NORTHERN BEACHES,H266
STAR PERFORMER,K207
MARVEL AND GOLD,K109
VIRTUOUS PHANTOM,K147
FORTUNE SUPERNOVA,K287
SUPERB KID,H298
WITHOUT DELAY,K262
METAL KING,K135
ALL'S WELL,K294
SUNNY GALAXY,K328
STAR BROSE,J463
PEJIBAYE,K297
BULL ATTITUDE,K305
SMART ENGINEER,K244
LEGEND STAR,K271
SUNNY SING SPIRIT,K188
TARGET AUDIENCE,K107
SAVVY WARRIOR,K257
WINNING OVATION,K350
GENIUS BABY,K132
IGOR STRAVINSKY,K086
MASTER OF HUMOR,K281
CASA OF HONOR,K310
CHARITY TOGETHER,K254
THE ALL OUT,K291
QUICK MONEY,K377
BABIECA,K326
HYANNIS STAR,K331
SPARKLE AND GOLD,K259
MOTOR,K165
MOON ROCKET,K324
LAHORE,K043
COME FAST FAY FAY,K121
ROBOT MASTER,J107
GREAT LEGACY,K187
BEAU CADEAU,J334
RATTAN GALAXY,K143
BILLION TWO,K212
ACE,K307
FIGOPUMPKIN,K137
ONE MORE,K261
STAR SATYR,K231
BIG RETURN,K192
FAST SPEED,K351
LEGENDARY YEARS,K286
CASA RUBICK,K299
KING LOTUS,K186
SANDMAN,K220
AUTUMN DELIGHT,J090
SUGAR QUEEN PRAWN,K149
HANDSOME BLOND,K241
GAZELEY,K253
ALL ROUND WINNER,K382
INCREDIBLE MOMENT,K275
WISEMAN,K211
BOOMBAYAH,H307
BIG STRIDE,K194
RAINBOW SEVEN,K145
DIRIYA,K282
BULLISH PRIDE,K181
LUCKY SWEYNESSE,G180
A SHIN FENCER,K936
DANON MCKINLEY,K935
GAIA FORCE,K931
ROYAL PATRONAGE,K932
MR BRIGHTSIDE,K930
PROGNOSIS,H820
GOLIATH,K920
EL VENCEDOR,K929
RADIANT SWIFT,J425
KIAMA,K359
WIN METHOD,K406
ZHOU GONGJIN,K337
JUST FOLLOW ME,K332
PERFECTDAY,K238
BETTER AND BETTER,K277
TEAM TEAM FOLKS,K302
LUCKY TWIN STARS,K126
ANODE,K367
GOR GOR,K104
WIN BEAUTY VIVA,K368
WOLF COMING,K353
STRAIGHT TO GLORY,K340
WINNING DIAMOND,K216
CALIFORNIA SUN,J129
GENTLEMEN LEGACY,K385
CALIFORNIA BAY,K364
LOOKING BRIGHT,K315
WUKONG JEWELLERY,K314
BULLION BLITZ,K304
DANCING CLASSICS,J060
INVICTUS DRAGON,K318
NEW ASIA GREAT,J412
WATCH THE FORT,J522
BLAZING WUKONG,K335
LUCKY MCQUEEN,K064
WINNING DATA,H230
TOP TO SKY,K339
SZERYNG,K317
GALLANT REX,K243
GLORIOUS RYDER,K290
THE RED HARE,K312
LIGHT YEARS GLORY,K204
FIELD MARSHAL,K433
WINNING CHAMPION,K429
YOUNG FIGHTER,K464
KING DANCE,K157
INVINCIBLE IBIS,K296
NO OTHER CHOICE,K049
CIRCUIT CENTURY,K308
VOYAGE BOSS,K321
COPARTNER FLEET,K342
AUDACIOUS PURSUIT,K398
INNO SUPER,K319
VIVACIOUS WIN,K223
METRO POWER,K408
CELESTIAL HERO,K363
SIR CHARGE,K361
SUPER PACE,K349
VERY GRATEFUL,K396
FLOWING RICHES,K293
EMBLAZON,K122
SUPER UNIVERSAL,K303
PRESTIGE HALL,K040
SMART FAT CAT,K280
INFINITE RESOLVE,K369
TIER FLY,K311
SEA CHARIOT,K358
KEEN MOLLY,K386
WITHALLMYFAITH,K428
INCANTO STAR,K343
ONE AND ONLY,K273
AMAZING KID,K434
OSI HONOUR,K232
THE LION KING,K265
LUNAR DASH,K334
MIRACLE FIGHTER,K182
THE ALL ROUNDER,K402
HAPPY ACTION,K399
THE GOLDEN KNIGHT,K341
FLYING KNIGHT,K370
WINNING CIGAR,K422
A LA CHAMP,K179
ALABAMA SONG,K480
DASHING MAURISON,K374
MONEY TYCOON,K423
YEUX DE LIFELINE,K455
EMERGING STAR,K390
AEROVOLANIC,K400
TOURBILLON GOLFER,K320
STRANGE ALERT,K278
SUPREME MASTERMIND,K387
FIVEFORTWO,K381
LIGHTNESS OF MUSIC,K436
CIRRUS SPEED,K279
GREAT LOOKING,J198
ARGENTO OCEAN,K322
LIGHTNING ARROW,K360
YOUNG LEGACY,K465
GOLDEN BRILLIANT,K347
PERIDOT,K148
JUICY DRAGON,K405
MAGIC COSMOS,J411
HAPPY BUDDIES,K344
ONE MAN SHOW,K409
WIN EASE,K384
PRESTIGE SUPERIOR,K383
CALL ME TOPSEED,K357
GREY CHARGER,K425
PANACEA,K256
LIM'S SHAVANO,K424
WINNING MONEY,J116
THOUSAND SPIRIT,K365
NEZHA,K494
CONRAD THE GREAT,K217
AMAZING GAZE,K444
GLORIOUS KINGDOM,K269
ROMANTIC PARTY,K372
VIVA TASTE,K415
BEAUTY BOLT,K491
MR BOLT,K472
ROBOT LUCKY STAR,K485
MR DESIRA,K411
MING SUPREME,K430
SUPERB GUY,K323
EXTREME BOMB,K224
CHINA WIN,K395
LUCKY YEAR,K443
BROWNNEEDSFURTHER,K325
HERO SPARK,K221
SMILING ONE,K336
ACE CHAMPION,K379
SMART AVENUE,K474
TIN FOOK,K167
OTOKOMAE,K495
KINGDOM OF RICHES,K079
SUPER DRAGON,K389
MAZING GRACE,K166
HOT AIR BALLON,K144
ABSOLUTE AWAKENED,K039
SMILING FALCON,K459
SYMBOL OF STRENGTH,K352
SUN WUKONG,K492
LUCKY TWENTY,K392
POWER SUMMIT,K044
FRIENDS OF SHAJING,K202
SUNSET TRAIL,K420
FORZA TORO,K355
WE CAN PARTY,J341
CALIFORNIA WAVES,K477
FLASH STAR,K431
LUCKY FIELD,K292
CHILL BUDDY,K469
