crawl_time,race_date,racecourse,race_no,horse_no,horse_name,win_odds,draw,weight,jockey,trainer
2026-09-16 07:30:39,2026-09-16,HV,1,1,尚旋,49.0,,,,
2026-09-16 07:30:39,2026-09-16,HV,1,2,喆喆友福,7.6,,,,
2026-09-16 07:30:39,2026-09-16,HV,1,3,雙子美麗,17.0,,,,
2026-09-16 07:30:39,2026-09-16,HV,1,4,良駒好友,11.0,,,,
2026-09-16 07:30:39,2026-09-16,HV,1,5,瑰麗人生,17.0,,,,
2026-09-16 07:30:39,2026-09-16,HV,1,6,飈誌,18.0,,,,
2026-09-16 07:30:39,2026-09-16,HV,1,7,銀亮濠俠,5.3,,,,
2026-09-16 07:30:39,2026-09-16,HV,1,8,陸小鳳,10.0,,,,
2026-09-16 07:30:39,2026-09-16,HV,1,9,花香月明,4.8,,,,
2026-09-16 07:30:39,2026-09-16,HV,1,10,君智盛,35.0,,,,
2026-09-16 07:30:39,2026-09-16,HV,1,11,辣得金,5.0,,,,
2026-09-16 07:30:39,2026-09-16,HV,1,12,洛河,13.0,,,,
2026-09-16 07:30:39,2026-09-16,HV,2,1,本領多好,47.0,,,,
2026-09-16 07:30:39,2026-09-16,HV,2,2,勝兄弟,8.8,,,,
2026-09-16 07:30:39,2026-09-16,HV,2,3,朗日自強,5.8,,,,
2026-09-16 07:30:39,2026-09-16,HV,2,4,龍虎精神,46.0,,,,
2026-09-16 07:30:39,2026-09-16,HV,2,5,風火猴王,6.9,,,,
2026-09-16 07:30:39,2026-09-16,HV,2,6,多威心得,29.0,,,,
2026-09-16 07:30:39,2026-09-16,HV,2,7,加州勇勝,12.0,,,,
2026-09-16 07:30:39,2026-09-16,HV,2,8,花好月盈,5.1,,,,
2026-09-16 07:30:39,2026-09-16,HV,2,9,凱皇寶,18.0,,,,
2026-09-16 07:30:39,2026-09-16,HV,2,10,有盈勇士,28.0,,,,
2026-09-16 07:30:39,2026-09-16,HV,2,11,天下寵兒,3.4,,,,
2026-09-16 07:30:39,2026-09-16,HV,2,12,智勝攻略,23.0,,,,
2026-09-16 07:30:39,2026-09-16,HV,3,1,優才,3.5,,,,
2026-09-16 07:30:39,2026-09-16,HV,3,2,晉步贏,15.0,,,,
2026-09-16 07:30:39,2026-09-16,HV,3,3,八駿笑昇,10.0,,,,
2026-09-16 07:30:39,2026-09-16,HV,3,4,熒光,51.0,,,,
2026-09-16 07:30:39,2026-09-16,HV,3,5,浪漫老撾,6.2,,,,
2026-09-16 07:30:39,2026-09-16,HV,3,6,捷足奔馳,6.9,,,,
2026-09-16 07:30:39,2026-09-16,HV,3,7,夢照發,14.0,,,,
2026-09-16 07:30:39,2026-09-16,HV,3,8,富裕君子,19.0,,,,
2026-09-16 07:30:39,2026-09-16,HV,3,9,獎星,12.0,,,,
2026-09-16 07:30:39,2026-09-16,HV,3,10,禾道威,6.4,,,,
2026-09-16 07:30:39,2026-09-16,HV,3,11,一風雲,40.0,,,,
2026-09-16 07:30:39,2026-09-16,HV,3,12,蜜蜜送,16.0,,,,
2026-09-16 07:30:39,2026-09-16,HV,4,1,沙井之友,12.0,,,,
2026-09-16 07:30:39,2026-09-16,HV,4,2,棒棒糖,8.5,,,,
2026-09-16 07:30:39,2026-09-16,HV,4,3,烈焰光芒,3.1,,,,
2026-09-16 07:30:39,2026-09-16,HV,4,4,日馳千里,5.5,,,,
2026-09-16 07:30:39,2026-09-16,HV,4,5,星威心得,9.8,,,,
2026-09-16 07:30:39,2026-09-16,HV,4,6,維港激流,14.0,,,,
2026-09-16 07:30:39,2026-09-16,HV,4,7,開心孖寶,26.0,,,,
2026-09-16 07:30:39,2026-09-16,HV,4,8,好運多彩,54.0,,,,
2026-09-16 07:30:39,2026-09-16,HV,4,9,廚神,53.0,,,,
2026-09-16 07:30:39,2026-09-16,HV,4,10,駿馬之光,29.0,,,,
2026-09-16 07:30:39,2026-09-16,HV,4,11,頑童,8.4,,,,
2026-09-16 07:30:39,2026-09-16,HV,4,12,有你有我,8.3,,,,
2026-09-16 07:30:39,2026-09-16,HV,5,1,時時開心,12.0,,,,
2026-09-16 07:30:39,2026-09-16,HV,5,2,起舞奜奜,26.0,,,,
2026-09-16 07:30:39,2026-09-16,HV,5,3,穿甲戰鷹,11.0,,,,
2026-09-16 07:30:39,2026-09-16,HV,5,4,幸運愉快,11.0,,,,
2026-09-16 07:30:39,2026-09-16,HV,5,5,風采人生,22.0,,,,
2026-09-16 07:30:39,2026-09-16,HV,5,6,競駿非凡,4.3,,,,
2026-09-16 07:30:39,2026-09-16,HV,5,7,紅錢到,8.2,,,,
2026-09-16 07:30:39,2026-09-16,HV,5,8,老鼠斑,5.7,,,,
2026-09-16 07:30:39,2026-09-16,HV,5,9,心中之星,19.0,,,,
2026-09-16 07:30:39,2026-09-16,HV,5,10,團結戰靈,9.4,,,,
2026-09-16 07:30:39,2026-09-16,HV,5,11,領袖勁力,7.4,,,,
2026-09-16 07:30:39,2026-09-16,HV,5,12,友得盈,20.0,,,,
2026-09-16 07:30:39,2026-09-16,HV,6,1,一定超,5.1,,,,
2026-09-16 07:30:39,2026-09-16,HV,6,2,幸運派彩,8.9,,,,
2026-09-16 07:30:39,2026-09-16,HV,6,3,浪漫鬥士,8.7,,,,
2026-09-16 07:30:39,2026-09-16,HV,6,4,龍文鞭影,28.0,,,,
2026-09-16 07:30:39,2026-09-16,HV,6,5,智勇名駒,11.0,,,,
2026-09-16 07:30:39,2026-09-16,HV,6,6,傲視同群,14.0,,,,
2026-09-16 07:30:39,2026-09-16,HV,6,7,納百川,12.0,,,,
2026-09-16 07:30:39,2026-09-16,HV,6,8,勁好運,12.0,,,,
2026-09-16 07:30:39,2026-09-16,HV,6,9,榮利雙收,26.0,,,,
2026-09-16 07:30:39,2026-09-16,HV,6,10,北斗福星,8.6,,,,
2026-09-16 07:30:39,2026-09-16,HV,6,11,爆笑,14.0,,,,
2026-09-16 07:30:39,2026-09-16,HV,6,12,太子,4.7,,,,
2026-09-16 07:30:39,2026-09-16,HV,7,1,好好戀愛,8.4,,,,
2026-09-16 07:30:39,2026-09-16,HV,7,2,燭光晚餐,12.0,,,,
2026-09-16 07:30:39,2026-09-16,HV,7,3,馬力,7.0,,,,
2026-09-16 07:30:39,2026-09-16,HV,7,4,舞林寶典,5.1,,,,
2026-09-16 07:30:39,2026-09-16,HV,7,5,品德寶寶,4.4,,,,
2026-09-16 07:30:39,2026-09-16,HV,7,6,連連幸運,18.0,,,,
2026-09-16 07:30:39,2026-09-16,HV,7,7,領航君子,23.0,,,,
2026-09-16 07:30:39,2026-09-16,HV,7,8,大番薯,11.0,,,,
2026-09-16 07:30:39,2026-09-16,HV,7,9,可靠大師,29.0,,,,
2026-09-16 07:30:39,2026-09-16,HV,7,10,勝萬金,6.8,,,,
2026-09-16 07:30:39,2026-09-16,HV,7,11,紅逸舍,20.0,,,,
2026-09-16 07:30:39,2026-09-16,HV,7,12,騰龍四海,24.0,,,,
2026-09-16 07:30:39,2026-09-16,HV,8,1,勁速威龍,14.0,,,,
2026-09-16 07:30:39,2026-09-16,HV,8,2,大至尊,16.0,,,,
2026-09-16 07:30:39,2026-09-16,HV,8,3,睿盛人生,10.0,,,,
2026-09-16 07:30:39,2026-09-16,HV,8,4,喜蓮勇感,22.0,,,,
2026-09-16 07:30:39,2026-09-16,HV,8,5,大浪圖田,12.0,,,,
2026-09-16 07:30:39,2026-09-16,HV,8,6,包裝福星,9.7,,,,
2026-09-16 07:30:39,2026-09-16,HV,8,7,銀亮奔騰,8.5,,,,
2026-09-16 07:30:39,2026-09-16,HV,8,8,勁沙塵,4.0,,,,
2026-09-16 07:30:39,2026-09-16,HV,8,9,加州動員,11.0,,,,
2026-09-16 07:30:39,2026-09-16,HV,8,10,非惟僥倖,20.0,,,,
2026-09-16 07:30:39,2026-09-16,HV,8,11,穿甲金鷹,10.0,,,,
2026-09-16 07:30:39,2026-09-16,HV,8,12,極光之子,6.0,,,,
2026-09-16 09:00:44,2026-09-16,HV,1,1,尚旋,49.0,,,,
2026-09-16 09:00:44,2026-09-16,HV,1,2,喆喆友福,7.4,,,,
2026-09-16 09:00:44,2026-09-16,HV,1,3,雙子美麗,18.0,,,,
2026-09-16 09:00:44,2026-09-16,HV,1,4,良駒好友,11.0,,,,
2026-09-16 09:00:44,2026-09-16,HV,1,5,瑰麗人生,17.0,,,,
2026-09-16 09:00:44,2026-09-16,HV,1,6,飈誌,18.0,,,,
2026-09-16 09:00:44,2026-09-16,HV,1,7,銀亮濠俠,5.4,,,,
2026-09-16 09:00:44,2026-09-16,HV,1,8,陸小鳳,10.0,,,,
2026-09-16 09:00:44,2026-09-16,HV,1,9,花香月明,4.7,,,,
2026-09-16 09:00:44,2026-09-16,HV,1,10,君智盛,36.0,,,,
2026-09-16 09:00:44,2026-09-16,HV,1,11,辣得金,5.0,,,,
2026-09-16 09:00:44,2026-09-16,HV,1,12,洛河,12.0,,,,
2026-09-16 09:00:44,2026-09-16,HV,2,1,本領多好,48.0,,,,
2026-09-16 09:00:44,2026-09-16,HV,2,2,勝兄弟,8.7,,,,
2026-09-16 09:00:44,2026-09-16,HV,2,3,朗日自強,5.8,,,,
2026-09-16 09:00:44,2026-09-16,HV,2,4,龍虎精神,47.0,,,,
2026-09-16 09:00:44,2026-09-16,HV,2,5,風火猴王,6.6,,,,
2026-09-16 09:00:44,2026-09-16,HV,2,6,多威心得,30.0,,,,
2026-09-16 09:00:44,2026-09-16,HV,2,7,加州勇勝,11.0,,,,
2026-09-16 09:00:44,2026-09-16,HV,2,8,花好月盈,5.1,,,,
2026-09-16 09:00:44,2026-09-16,HV,2,9,凱皇寶,18.0,,,,
2026-09-16 09:00:44,2026-09-16,HV,2,10,有盈勇士,29.0,,,,
2026-09-16 09:00:44,2026-09-16,HV,2,11,天下寵兒,3.4,,,,
2026-09-16 09:00:44,2026-09-16,HV,2,12,智勝攻略,23.0,,,,
2026-09-16 09:00:44,2026-09-16,HV,3,1,優才,3.3,,,,
2026-09-16 09:00:44,2026-09-16,HV,3,2,晉步贏,15.0,,,,
2026-09-16 09:00:44,2026-09-16,HV,3,3,八駿笑昇,10.0,,,,
2026-09-16 09:00:44,2026-09-16,HV,3,4,熒光,53.0,,,,
2026-09-16 09:00:44,2026-09-16,HV,3,5,浪漫老撾,6.7,,,,
2026-09-16 09:00:44,2026-09-16,HV,3,6,捷足奔馳,6.8,,,,
2026-09-16 09:00:44,2026-09-16,HV,3,7,夢照發,15.0,,,,
2026-09-16 09:00:44,2026-09-16,HV,3,8,富裕君子,19.0,,,,
2026-09-16 09:00:44,2026-09-16,HV,3,9,獎星,12.0,,,,
2026-09-16 09:00:44,2026-09-16,HV,3,10,禾道威,6.3,,,,
2026-09-16 09:00:44,2026-09-16,HV,3,11,一風雲,40.0,,,,
2026-09-16 09:00:44,2026-09-16,HV,3,12,蜜蜜送,17.0,,,,
2026-09-16 09:00:44,2026-09-16,HV,4,1,沙井之友,13.0,,,,
2026-09-16 09:00:44,2026-09-16,HV,4,2,棒棒糖,8.5,,,,
2026-09-16 09:00:44,2026-09-16,HV,4,3,烈焰光芒,3.1,,,,
2026-09-16 09:00:44,2026-09-16,HV,4,4,日馳千里,5.5,,,,
2026-09-16 09:00:44,2026-09-16,HV,4,5,星威心得,9.1,,,,
2026-09-16 09:00:44,2026-09-16,HV,4,6,維港激流,14.0,,,,
2026-09-16 09:00:44,2026-09-16,HV,4,7,開心孖寶,26.0,,,,
2026-09-16 09:00:44,2026-09-16,HV,4,8,好運多彩,56.0,,,,
2026-09-16 09:00:44,2026-09-16,HV,4,9,廚神,56.0,,,,
2026-09-16 09:00:44,2026-09-16,HV,4,10,駿馬之光,31.0,,,,
2026-09-16 09:00:44,2026-09-16,HV,4,11,頑童,8.1,,,,
2026-09-16 09:00:44,2026-09-16,HV,4,12,有你有我,8.6,,,,
2026-09-16 09:00:44,2026-09-16,HV,5,1,時時開心,12.0,,,,
2026-09-16 09:00:44,2026-09-16,HV,5,2,起舞奜奜,27.0,,,,
2026-09-16 09:00:44,2026-09-16,HV,5,3,穿甲戰鷹,11.0,,,,
2026-09-16 09:00:44,2026-09-16,HV,5,4,幸運愉快,11.0,,,,
2026-09-16 09:00:44,2026-09-16,HV,5,5,風采人生,22.0,,,,
2026-09-16 09:00:44,2026-09-16,HV,5,6,競駿非凡,4.2,,,,
2026-09-16 09:00:44,2026-09-16,HV,5,7,紅錢到,8.5,,,,
2026-09-16 09:00:44,2026-09-16,HV,5,8,老鼠斑,5.6,,,,
2026-09-16 09:00:44,2026-09-16,HV,5,9,心中之星,20.0,,,,
2026-09-16 09:00:44,2026-09-16,HV,5,10,團結戰靈,9.5,,,,
2026-09-16 09:00:44,2026-09-16,HV,5,11,領袖勁力,7.1,,,,
2026-09-16 09:00:44,2026-09-16,HV,5,12,友得盈,19.0,,,,
2026-09-16 09:00:44,2026-09-16,HV,6,1,一定超,5.0,,,,
2026-09-16 09:00:44,2026-09-16,HV,6,2,幸運派彩,8.2,,,,
2026-09-16 09:00:44,2026-09-16,HV,6,3,浪漫鬥士,8.2,,,,
2026-09-16 09:00:44,2026-09-16,HV,6,4,龍文鞭影,28.0,,,,
2026-09-16 09:00:44,2026-09-16,HV,6,5,智勇名駒,11.0,,,,
2026-09-16 09:00:44,2026-09-16,HV,6,6,傲視同群,15.0,,,,
2026-09-16 09:00:44,2026-09-16,HV,6,7,納百川,13.0,,,,
2026-09-16 09:00:44,2026-09-16,HV,6,8,勁好運,11.0,,,,
2026-09-16 09:00:44,2026-09-16,HV,6,9,榮利雙收,26.0,,,,
2026-09-16 09:00:44,2026-09-16,HV,6,10,北斗福星,8.7,,,,
2026-09-16 09:00:44,2026-09-16,HV,6,11,爆笑,14.0,,,,
2026-09-16 09:00:44,2026-09-16,HV,6,12,太子,5.1,,,,
2026-09-16 09:00:44,2026-09-16,HV,7,1,好好戀愛,8.5,,,,
2026-09-16 09:00:44,2026-09-16,HV,7,2,燭光晚餐,13.0,,,,
2026-09-16 09:00:44,2026-09-16,HV,7,3,馬力,6.7,,,,
2026-09-16 09:00:44,2026-09-16,HV,7,4,舞林寶典,5.2,,,,
2026-09-16 09:00:44,2026-09-16,HV,7,5,品德寶寶,4.5,,,,
2026-09-16 09:00:44,2026-09-16,HV,7,6,連連幸運,18.0,,,,
2026-09-16 09:00:44,2026-09-16,HV,7,7,領航君子,22.0,,,,
2026-09-16 09:00:44,2026-09-16,HV,7,8,大番薯,11.0,,,,
2026-09-16 09:00:44,2026-09-16,HV,7,9,可靠大師,27.0,,,,
2026-09-16 09:00:44,2026-09-16,HV,7,10,勝萬金,6.7,,,,
2026-09-16 09:00:44,2026-09-16,HV,7,11,紅逸舍,20.0,,,,
2026-09-16 09:00:44,2026-09-16,HV,7,12,騰龍四海,25.0,,,,
2026-09-16 09:00:44,2026-09-16,HV,8,1,勁速威龍,15.0,,,,
2026-09-16 09:00:44,2026-09-16,HV,8,2,大至尊,17.0,,,,
2026-09-16 09:00:44,2026-09-16,HV,8,3,睿盛人生,10.0,,,,
2026-09-16 09:00:44,2026-09-16,HV,8,4,喜蓮勇感,23.0,,,,
2026-09-16 09:00:44,2026-09-16,HV,8,5,大浪圖田,13.0,,,,
2026-09-16 09:00:44,2026-09-16,HV,8,6,包裝福星,8.9,,,,
2026-09-16 09:00:44,2026-09-16,HV,8,7,銀亮奔騰,9.4,,,,
2026-09-16 09:00:44,2026-09-16,HV,8,8,勁沙塵,3.8,,,,
2026-09-16 09:00:44,2026-09-16,HV,8,9,加州動員,12.0,,,,
2026-09-16 09:00:44,2026-09-16,HV,8,10,非惟僥倖,21.0,,,,
2026-09-16 09:00:44,2026-09-16,HV,8,11,穿甲金鷹,10.0,,,,
2026-09-16 09:00:44,2026-09-16,HV,8,12,極光之子,5.7,,,,
2026-09-16 14:16:37,2026-09-16,HV,1,1,尚旋,81.0,,,,
2026-09-16 14:16:37,2026-09-16,HV,1,2,喆喆友福,9.4,,,,
2026-09-16 14:16:37,2026-09-16,HV,1,3,雙子美麗,11.0,,,,
2026-09-16 14:16:37,2026-09-16,HV,1,4,良駒好友,10.0,,,,
2026-09-16 14:16:37,2026-09-16,HV,1,5,瑰麗人生,27.0,,,,
2026-09-16 14:16:37,2026-09-16,HV,1,6,飈誌,16.0,,,,
2026-09-16 14:16:37,2026-09-16,HV,1,7,銀亮濠俠,3.7,,,,
2026-09-16 14:16:37,2026-09-16,HV,1,8,陸小鳳,12.0,,,,
2026-09-16 14:16:37,2026-09-16,HV,1,9,花香月明,5.6,,,,
2026-09-16 14:16:37,2026-09-16,HV,1,10,君智盛,59.0,,,,
2026-09-16 14:16:37,2026-09-16,HV,1,11,辣得金,4.5,,,,
2026-09-16 14:16:37,2026-09-16,HV,1,12,洛河,18.0,,,,
2026-09-16 14:16:37,2026-09-16,HV,2,1,本領多好,75.0,,,,
2026-09-16 14:16:37,2026-09-16,HV,2,2,勝兄弟,12.0,,,,
2026-09-16 14:16:37,2026-09-16,HV,2,3,朗日自強,4.7,,,,
2026-09-16 14:16:37,2026-09-16,HV,2,4,龍虎精神,90.0,,,,
2026-09-16 14:16:37,2026-09-16,HV,2,5,風火猴王,5.5,,,,
2026-09-16 14:16:37,2026-09-16,HV,2,6,多威心得,52.0,,,,
2026-09-16 14:16:37,2026-09-16,HV,2,7,加州勇勝,7.8,,,,
2026-09-16 14:16:37,2026-09-16,HV,2,8,花好月盈,5.3,,,,
2026-09-16 14:16:37,2026-09-16,HV,2,9,凱皇寶,21.0,,,,
2026-09-16 14:16:37,2026-09-16,HV,2,10,有盈勇士,43.0,,,,
2026-09-16 14:16:37,2026-09-16,HV,2,11,天下寵兒,3.7,,,,
2026-09-16 14:16:37,2026-09-16,HV,2,12,智勝攻略,23.0,,,,
2026-09-16 14:16:37,2026-09-16,HV,3,1,優才,4.3,,,,
2026-09-16 14:16:37,2026-09-16,HV,3,2,晉步贏,33.0,,,,
2026-09-16 14:16:37,2026-09-16,HV,3,3,八駿笑昇,23.0,,,,
2026-09-16 14:16:37,2026-09-16,HV,3,4,熒光,97.0,,,,
2026-09-16 14:16:37,2026-09-16,HV,3,5,浪漫老撾,9.4,,,,
2026-09-16 14:16:37,2026-09-16,HV,3,6,捷足奔馳,2.9,,,,
2026-09-16 14:16:37,2026-09-16,HV,3,7,夢照發,12.0,,,,
2026-09-16 14:16:37,2026-09-16,HV,3,8,富裕君子,24.0,,,,
2026-09-16 14:16:37,2026-09-16,HV,3,9,獎星,25.0,,,,
2026-09-16 14:16:37,2026-09-16,HV,3,10,禾道威,7.0,,,,
2026-09-16 14:16:37,2026-09-16,HV,3,11,一風雲,62.0,,,,
2026-09-16 14:16:37,2026-09-16,HV,3,12,蜜蜜送,7.2,,,,
2026-09-16 14:16:37,2026-09-16,HV,4,1,沙井之友,8.7,,,,
2026-09-16 14:16:37,2026-09-16,HV,4,2,棒棒糖,17.0,,,,
2026-09-16 14:16:37,2026-09-16,HV,4,3,烈焰光芒,3.1,,,,
2026-09-16 14:16:37,2026-09-16,HV,4,4,日馳千里,4.8,,,,
2026-09-16 14:16:37,2026-09-16,HV,4,5,星威心得,12.0,,,,
2026-09-16 14:16:37,2026-09-16,HV,4,6,維港激流,12.0,,,,
2026-09-16 14:16:37,2026-09-16,HV,4,7,開心孖寶,19.0,,,,
2026-09-16 14:16:37,2026-09-16,HV,4,8,好運多彩,121.0,,,,
2026-09-16 14:16:37,2026-09-16,HV,4,9,廚神,106.0,,,,
2026-09-16 14:16:37,2026-09-16,HV,4,10,駿馬之光,40.0,,,,
2026-09-16 14:16:37,2026-09-16,HV,4,11,頑童,6.0,,,,
2026-09-16 14:16:37,2026-09-16,HV,4,12,有你有我,10.0,,,,
2026-09-16 14:16:37,2026-09-16,HV,5,1,時時開心,19.0,,,,
2026-09-16 14:16:37,2026-09-16,HV,5,2,起舞奜奜,56.0,,,,
2026-09-16 14:16:37,2026-09-16,HV,5,3,穿甲戰鷹,16.0,,,,
2026-09-16 14:16:37,2026-09-16,HV,5,4,幸運愉快,9.5,,,,
2026-09-16 14:16:37,2026-09-16,HV,5,5,風采人生,20.0,,,,
2026-09-16 14:16:37,2026-09-16,HV,5,6,競駿非凡,3.1,,,,
2026-09-16 14:16:37,2026-09-16,HV,5,7,紅錢到,5.4,,,,
2026-09-16 14:16:37,2026-09-16,HV,5,8,老鼠斑,7.8,,,,
2026-09-16 14:16:37,2026-09-16,HV,5,9,心中之星,53.0,,,,
2026-09-16 14:16:37,2026-09-16,HV,5,10,團結戰靈,8.2,,,,
2026-09-16 14:16:37,2026-09-16,HV,5,11,領袖勁力,7.7,,,,
2026-09-16 14:16:37,2026-09-16,HV,5,12,友得盈,36.0,,,,
2026-09-16 14:16:37,2026-09-16,HV,6,1,一定超,4.9,,,,
2026-09-16 14:16:37,2026-09-16,HV,6,2,幸運派彩,4.2,,,,
2026-09-16 14:16:37,2026-09-16,HV,6,3,浪漫鬥士,12.0,,,,
2026-09-16 14:16:37,2026-09-16,HV,6,4,龍文鞭影,31.0,,,,
2026-09-16 14:16:37,2026-09-16,HV,6,5,智勇名駒,12.0,,,,
2026-09-16 14:16:37,2026-09-16,HV,6,6,傲視同群,21.0,,,,
2026-09-16 14:16:37,2026-09-16,HV,6,7,納百川,13.0,,,,
2026-09-16 14:16:37,2026-09-16,HV,6,8,勁好運,18.0,,,,
2026-09-16 14:16:37,2026-09-16,HV,6,9,榮利雙收,11.0,,,,
2026-09-16 14:16:37,2026-09-16,HV,6,10,北斗福星,5.0,,,,
2026-09-16 14:16:37,2026-09-16,HV,6,11,爆笑,21.0,,,,
2026-09-16 14:16:37,2026-09-16,HV,6,12,太子,12.0,,,,
2026-09-16 14:16:37,2026-09-16,HV,7,1,好好戀愛,10.0,,,,
2026-09-16 14:16:37,2026-09-16,HV,7,2,燭光晚餐,16.0,,,,
2026-09-16 14:16:37,2026-09-16,HV,7,3,馬力,5.0,,,,
2026-09-16 14:16:37,2026-09-16,HV,7,4,舞林寶典,6.3,,,,
2026-09-16 14:16:37,2026-09-16,HV,7,5,品德寶寶,3.1,,,,
2026-09-16 14:16:37,2026-09-16,HV,7,6,連連幸運,24.0,,,,
2026-09-16 14:16:37,2026-09-16,HV,7,7,領航君子,27.0,,,,
2026-09-16 14:16:37,2026-09-16,HV,7,8,大番薯,17.0,,,,
2026-09-16 14:16:37,2026-09-16,HV,7,9,可靠大師,32.0,,,,
2026-09-16 14:16:37,2026-09-16,HV,7,10,勝萬金,7.9,,,,
2026-09-16 14:16:37,2026-09-16,HV,7,11,紅逸舍,21.0,,,,
2026-09-16 14:16:37,2026-09-16,HV,7,12,騰龍四海,27.0,,,,
2026-09-16 14:16:37,2026-09-16,HV,8,1,勁速威龍,18.0,,,,
2026-09-16 14:16:37,2026-09-16,HV,8,2,大至尊,21.0,,,,
2026-09-16 14:16:37,2026-09-16,HV,8,3,睿盛人生,11.0,,,,
2026-09-16 14:16:37,2026-09-16,HV,8,4,喜蓮勇感,26.0,,,,
2026-09-16 14:16:37,2026-09-16,HV,8,5,大浪圖田,14.0,,,,
2026-09-16 14:16:37,2026-09-16,HV,8,6,包裝福星,8.1,,,,
2026-09-16 14:16:37,2026-09-16,HV,8,7,銀亮奔騰,10.0,,,,
2026-09-16 14:16:37,2026-09-16,HV,8,8,勁沙塵,3.7,,,,
2026-09-16 14:16:37,2026-09-16,HV,8,9,加州動員,13.0,,,,
2026-09-16 14:16:37,2026-09-16,HV,8,10,非惟僥倖,18.0,,,,
2026-09-16 14:16:37,2026-09-16,HV,8,11,穿甲金鷹,9.3,,,,
2026-09-16 14:16:37,2026-09-16,HV,8,12,極光之子,5.1,,,,
2026-09-16 18:17:38,2026-09-16,HV,1,1,尚旋,81.0,,,,
2026-09-16 18:17:38,2026-09-16,HV,1,2,喆喆友福,9.4,,,,
2026-09-16 18:17:38,2026-09-16,HV,1,3,雙子美麗,11.0,,,,
2026-09-16 18:17:38,2026-09-16,HV,1,4,良駒好友,10.0,,,,
2026-09-16 18:17:38,2026-09-16,HV,1,5,瑰麗人生,27.0,,,,
2026-09-16 18:17:38,2026-09-16,HV,1,6,飈誌,16.0,,,,
2026-09-16 18:17:38,2026-09-16,HV,1,7,銀亮濠俠,3.7,,,,
2026-09-16 18:17:38,2026-09-16,HV,1,8,陸小鳳,12.0,,,,
2026-09-16 18:17:38,2026-09-16,HV,1,9,花香月明,5.6,,,,
2026-09-16 18:17:38,2026-09-16,HV,1,10,君智盛,59.0,,,,
2026-09-16 18:17:38,2026-09-16,HV,1,11,辣得金,4.5,,,,
2026-09-16 18:17:38,2026-09-16,HV,1,12,洛河,18.0,,,,
2026-09-16 18:17:38,2026-09-16,HV,2,1,本領多好,75.0,,,,
2026-09-16 18:17:38,2026-09-16,HV,2,2,勝兄弟,12.0,,,,
2026-09-16 18:17:38,2026-09-16,HV,2,3,朗日自強,4.7,,,,
2026-09-16 18:17:38,2026-09-16,HV,2,4,龍虎精神,90.0,,,,
2026-09-16 18:17:38,2026-09-16,HV,2,5,風火猴王,5.5,,,,
2026-09-16 18:17:38,2026-09-16,HV,2,6,多威心得,52.0,,,,
2026-09-16 18:17:38,2026-09-16,HV,2,7,加州勇勝,7.8,,,,
2026-09-16 18:17:38,2026-09-16,HV,2,8,花好月盈,5.3,,,,
2026-09-16 18:17:38,2026-09-16,HV,2,9,凱皇寶,21.0,,,,
2026-09-16 18:17:38,2026-09-16,HV,2,10,有盈勇士,43.0,,,,
2026-09-16 18:17:38,2026-09-16,HV,2,11,天下寵兒,3.7,,,,
2026-09-16 18:17:38,2026-09-16,HV,2,12,智勝攻略,23.0,,,,
2026-09-16 18:17:38,2026-09-16,HV,3,1,優才,4.3,,,,
2026-09-16 18:17:38,2026-09-16,HV,3,2,晉步贏,33.0,,,,
2026-09-16 18:17:38,2026-09-16,HV,3,3,八駿笑昇,23.0,,,,
2026-09-16 18:17:38,2026-09-16,HV,3,4,熒光,97.0,,,,
2026-09-16 18:17:38,2026-09-16,HV,3,5,浪漫老撾,9.4,,,,
2026-09-16 18:17:38,2026-09-16,HV,3,6,捷足奔馳,2.9,,,,
2026-09-16 18:17:38,2026-09-16,HV,3,7,夢照發,12.0,,,,
2026-09-16 18:17:38,2026-09-16,HV,3,8,富裕君子,24.0,,,,
2026-09-16 18:17:38,2026-09-16,HV,3,9,獎星,25.0,,,,
2026-09-16 18:17:38,2026-09-16,HV,3,10,禾道威,7.0,,,,
2026-09-16 18:17:38,2026-09-16,HV,3,11,一風雲,62.0,,,,
2026-09-16 18:17:38,2026-09-16,HV,3,12,蜜蜜送,7.2,,,,
2026-09-16 18:17:38,2026-09-16,HV,4,1,沙井之友,8.7,,,,
2026-09-16 18:17:38,2026-09-16,HV,4,2,棒棒糖,17.0,,,,
2026-09-16 18:17:38,2026-09-16,HV,4,3,烈焰光芒,3.1,,,,
2026-09-16 18:17:38,2026-09-16,HV,4,4,日馳千里,4.8,,,,
2026-09-16 18:17:38,2026-09-16,HV,4,5,星威心得,12.0,,,,
2026-09-16 18:17:38,2026-09-16,HV,4,6,維港激流,12.0,,,,
2026-09-16 18:17:38,2026-09-16,HV,4,7,開心孖寶,19.0,,,,
2026-09-16 18:17:38,2026-09-16,HV,4,8,好運多彩,121.0,,,,
2026-09-16 18:17:38,2026-09-16,HV,4,9,廚神,106.0,,,,
2026-09-16 18:17:38,2026-09-16,HV,4,10,駿馬之光,40.0,,,,
2026-09-16 18:17:38,2026-09-16,HV,4,11,頑童,6.0,,,,
2026-09-16 18:17:38,2026-09-16,HV,4,12,有你有我,10.0,,,,
2026-09-16 18:17:38,2026-09-16,HV,5,1,時時開心,19.0,,,,
2026-09-16 18:17:38,2026-09-16,HV,5,2,起舞奜奜,56.0,,,,
2026-09-16 18:17:38,2026-09-16,HV,5,3,穿甲戰鷹,16.0,,,,
2026-09-16 18:17:38,2026-09-16,HV,5,4,幸運愉快,9.5,,,,
2026-09-16 18:17:38,2026-09-16,HV,5,5,風采人生,20.0,,,,
2026-09-16 18:17:38,2026-09-16,HV,5,6,競駿非凡,3.1,,,,
2026-09-16 18:17:38,2026-09-16,HV,5,7,紅錢到,5.4,,,,
2026-09-16 18:17:38,2026-09-16,HV,5,8,老鼠斑,7.8,,,,
2026-09-16 18:17:38,2026-09-16,HV,5,9,心中之星,53.0,,,,
2026-09-16 18:17:38,2026-09-16,HV,5,10,團結戰靈,8.2,,,,
2026-09-16 18:17:38,2026-09-16,HV,5,11,領袖勁力,7.7,,,,
2026-09-16 18:17:38,2026-09-16,HV,5,12,友得盈,36.0,,,,
2026-09-16 18:17:38,2026-09-16,HV,6,1,一定超,4.9,,,,
2026-09-16 18:17:38,2026-09-16,HV,6,2,幸運派彩,4.2,,,,
2026-09-16 18:17:38,2026-09-16,HV,6,3,浪漫鬥士,12.0,,,,
2026-09-16 18:17:38,2026-09-16,HV,6,4,龍文鞭影,31.0,,,,
2026-09-16 18:17:38,2026-09-16,HV,6,5,智勇名駒,12.0,,,,
2026-09-16 18:17:38,2026-09-16,HV,6,6,傲視同群,21.0,,,,
2026-09-16 18:17:38,2026-09-16,HV,6,7,納百川,13.0,,,,
2026-09-16 18:17:38,2026-09-16,HV,6,8,勁好運,18.0,,,,
2026-09-16 18:17:38,2026-09-16,HV,6,9,榮利雙收,11.0,,,,
2026-09-16 18:17:38,2026-09-16,HV,6,10,北斗福星,5.0,,,,
2026-09-16 18:17:38,2026-09-16,HV,6,11,爆笑,21.0,,,,
2026-09-16 18:17:38,2026-09-16,HV,6,12,太子,12.0,,,,
2026-09-16 18:17:38,2026-09-16,HV,7,1,好好戀愛,3.4,,,,
2026-09-16 18:17:38,2026-09-16,HV,7,2,燭光晚餐,11.0,,,,
2026-09-16 18:17:38,2026-09-16,HV,7,3,馬力,8.8,,,,
2026-09-16 18:17:38,2026-09-16,HV,7,4,舞林寶典,10.0,,,,
2026-09-16 18:17:38,2026-09-16,HV,7,5,品德寶寶,5.6,,,,
2026-09-16 18:17:38,2026-09-16,HV,7,6,連連幸運,11.0,,,,
2026-09-16 18:17:38,2026-09-16,HV,7,7,領航君子,20.0,,,,
2026-09-16 18:17:38,2026-09-16,HV,7,8,大番薯,20.0,,,,
2026-09-16 18:17:38,2026-09-16,HV,7,9,可靠大師,15.0,,,,
2026-09-16 18:17:38,2026-09-16,HV,7,10,勝萬金,10.0,,,,
2026-09-16 18:17:38,2026-09-16,HV,7,11,紅逸舍,17.0,,,,
2026-09-16 18:17:38,2026-09-16,HV,7,12,騰龍四海,21.0,,,,
2026-09-16 18:17:38,2026-09-16,HV,8,1,勁速威龍,22.0,,,,
2026-09-16 18:17:38,2026-09-16,HV,8,2,大至尊,39.0,,,,
2026-09-16 18:17:38,2026-09-16,HV,8,3,睿盛人生,11.0,,,,
2026-09-16 18:17:38,2026-09-16,HV,8,4,喜蓮勇感,35.0,,,,
2026-09-16 18:17:38,2026-09-16,HV,8,6,包裝福星,9.9,,,,
2026-09-16 18:17:38,2026-09-16,HV,8,7,銀亮奔騰,11.0,,,,
2026-09-16 18:17:38,2026-09-16,HV,8,8,勁沙塵,4.9,,,,
2026-09-16 18:17:38,2026-09-16,HV,8,9,加州動員,10.0,,,,
2026-09-16 18:17:38,2026-09-16,HV,8,10,非惟僥倖,31.0,,,,
2026-09-16 18:17:38,2026-09-16,HV,8,11,穿甲金鷹,5.7,,,,
2026-09-16 18:17:38,2026-09-16,HV,8,12,極光之子,3.0,,,,
2026-09-19 08:28:01,2026-09-19,ST,1,2,禮貌事成,15.0,,,,
2026-09-19 08:28:01,2026-09-19,ST,1,3,慈皇,3.7,,,,
2026-09-19 08:28:01,2026-09-19,ST,1,4,摯情守望,22.0,,,,
2026-09-19 08:28:01,2026-09-19,ST,1,6,無懼,15.0,,,,
2026-09-19 08:28:01,2026-09-19,ST,1,7,旗開馬到,33.0,,,,
2026-09-19 08:28:01,2026-09-19,ST,1,8,艷羨,8.2,,,,
2026-09-19 08:28:01,2026-09-19,ST,1,9,喜旋,8.6,,,,
2026-09-19 08:28:01,2026-09-19,ST,1,10,鮮明新作,24.0,,,,
2026-09-19 08:28:01,2026-09-19,ST,1,11,男模特兒,77.0,,,,
2026-09-19 08:28:01,2026-09-19,ST,1,13,陡山深村,54.0,,,,
2026-09-19 08:28:01,2026-09-19,ST,1,14,鐵馬驍騎,5.5,,,,
2026-09-19 08:28:01,2026-09-19,ST,1,15,水色澄瑩,18.0,,,,
2026-09-19 08:28:01,2026-09-19,ST,1,16,珍蓮多美,5.2,,,,
2026-09-19 08:28:01,2026-09-19,ST,2,1,雷暴電光,4.2,,,,
2026-09-19 08:28:01,2026-09-19,ST,2,2,范高耳語,3.4,,,,
2026-09-19 08:28:01,2026-09-19,ST,2,3,冽影,3.2,,,,
2026-09-19 08:28:01,2026-09-19,ST,2,4,理想前景,14.0,,,,
2026-09-19 08:28:01,2026-09-19,ST,2,5,波希神童,11.0,,,,
2026-09-19 08:28:01,2026-09-19,ST,2,6,滿樂真傳,52.0,,,,
2026-09-19 08:28:01,2026-09-19,ST,2,7,如虎似狐,39.0,,,,
2026-09-19 08:28:01,2026-09-19,ST,2,9,極速衝刺,5.7,,,,
2026-09-19 08:28:01,2026-09-19,ST,3,1,間諜線,6.7,,,,
2026-09-19 08:28:01,2026-09-19,ST,3,2,勝方上風,3.3,,,,
2026-09-19 08:28:01,2026-09-19,ST,3,3,必富之裔,6.5,,,,
2026-09-19 08:28:01,2026-09-19,ST,3,4,銅帶省會,16.0,,,,
2026-09-19 08:28:01,2026-09-19,ST,3,6,暴雷騰,7.9,,,,
2026-09-19 08:28:01,2026-09-19,ST,3,7,實幹派,8.8,,,,
2026-09-19 08:28:01,2026-09-19,ST,3,8,名傑,17.0,,,,
2026-09-19 08:28:01,2026-09-19,ST,3,9,秀木迎風,22.0,,,,
2026-09-19 08:28:01,2026-09-19,ST,3,11,行為舉止,4.9,,,,
2026-09-19 08:28:01,2026-09-19,ST,4,2,週二逆襲,19.0,,,,
2026-09-19 08:28:01,2026-09-19,ST,4,4,綺天女,22.0,,,,
2026-09-19 08:28:01,2026-09-19,ST,4,5,揮金玉,3.4,,,,
2026-09-19 08:28:01,2026-09-19,ST,4,6,破格寫實,5.1,,,,
2026-09-19 08:28:01,2026-09-19,ST,4,8,北島小灣,3.9,,,,
2026-09-19 08:28:01,2026-09-19,ST,4,9,冰清心,8.0,,,,
2026-09-19 08:28:01,2026-09-19,ST,4,10,飛舞入聖,7.2,,,,
2026-09-19 08:28:01,2026-09-19,ST,4,11,熾心,54.0,,,,
2026-09-19 08:28:01,2026-09-19,ST,4,12,幻仙域,32.0,,,,
2026-09-19 08:28:01,2026-09-19,ST,4,14,駿驪,15.0,,,,
2026-09-19 08:28:01,2026-09-19,ST,5,1,龍捲谷,13.0,,,,
2026-09-19 08:28:01,2026-09-19,ST,5,2,美國鷹,5.8,,,,
2026-09-19 08:28:01,2026-09-19,ST,5,3,加碼一擲,2.0,,,,
2026-09-19 08:28:01,2026-09-19,ST,5,4,聯營共利,61.0,,,,
2026-09-19 08:28:01,2026-09-19,ST,5,5,狼山峽,4.0,,,,
2026-09-19 08:28:01,2026-09-19,ST,5,6,大同盟,24.0,,,,
2026-09-19 08:28:01,2026-09-19,ST,5,7,熾天狐,15.0,,,,
2026-09-19 08:28:01,2026-09-19,ST,5,8,風連雪,41.0,,,,
2026-09-19 08:28:01,2026-09-19,ST,5,9,煉金密術,13.0,,,,
2026-09-19 08:28:01,2026-09-19,ST,6,1,玩意舞動,45.0,,,,
2026-09-19 08:28:01,2026-09-19,ST,6,2,慈悲之行,18.0,,,,
2026-09-19 08:28:01,2026-09-19,ST,6,3,北極角,7.1,,,,
2026-09-19 08:28:01,2026-09-19,ST,6,4,風俗習慣,6.5,,,,
2026-09-19 08:28:01,2026-09-19,ST,6,5,明證當前,34.0,,,,
2026-09-19 08:28:01,2026-09-19,ST,6,6,星之聲,38.0,,,,
2026-09-19 08:28:01,2026-09-19,ST,6,8,自在痴心,14.0,,,,
2026-09-19 08:28:01,2026-09-19,ST,6,9,星途坦蕩,16.0,,,,
2026-09-19 08:28:01,2026-09-19,ST,6,10,新娘舞曲,1.8,,,,
2026-09-19 08:28:01,2026-09-19,ST,6,12,青春美照,10.0,,,,
2026-09-19 08:28:01,2026-09-19,ST,7,1,力先生,2.9,,,,
2026-09-19 08:28:01,2026-09-19,ST,7,2,實幹牛仔,10.0,,,,
2026-09-19 08:28:01,2026-09-19,ST,7,3,耗敵,77.0,,,,
2026-09-19 08:28:01,2026-09-19,ST,7,4,精細線條,41.0,,,,
2026-09-19 08:28:01,2026-09-19,ST,7,5,星辰征駕,2.1,,,,
2026-09-19 08:28:01,2026-09-19,ST,7,6,天鳥俠義,6.1,,,,
2026-09-19 08:28:01,2026-09-19,ST,7,7,中土世界,32.0,,,,
2026-09-19 08:28:01,2026-09-19,ST,7,8,御獵林區,13.0,,,,
2026-09-19 08:28:01,2026-09-19,ST,8,1,名爵特選,84.0,,,,
2026-09-19 08:28:01,2026-09-19,ST,8,2,星驥,39.0,,,,
2026-09-19 08:28:01,2026-09-19,ST,8,3,聖喬治,4.4,,,,
2026-09-19 08:28:01,2026-09-19,ST,8,4,寶麗公園,72.0,,,,
2026-09-19 08:28:01,2026-09-19,ST,8,5,活頓光華,13.0,,,,
2026-09-19 08:28:01,2026-09-19,ST,8,6,一爭霸權,30.0,,,,
2026-09-19 08:28:01,2026-09-19,ST,8,7,暢如行雲,99.0,,,,
2026-09-19 08:28:01,2026-09-19,ST,8,8,快手出招,100.0,,,,
2026-09-19 08:28:01,2026-09-19,ST,8,9,聚星成河,104.0,,,,
2026-09-19 08:28:01,2026-09-19,ST,8,10,心思谷,91.0,,,,
2026-09-19 08:28:01,2026-09-19,ST,8,11,帝驥,5.1,,,,
2026-09-19 08:28:01,2026-09-19,ST,8,12,公事公辦,63.0,,,,
2026-09-19 08:28:01,2026-09-19,ST,8,14,爭輝一族,2.8,,,,
2026-09-19 08:28:01,2026-09-19,ST,8,16,姬兒掃射,9.0,,,,
2026-09-19 08:28:01,2026-09-19,ST,8,18,野生天堂,11.0,,,,
2026-09-19 08:28:01,2026-09-19,ST,8,19,御林深谷,58.0,,,,
2026-09-19 08:28:01,2026-09-19,ST,9,1,倜儻小貓,34.0,,,,
2026-09-19 08:28:01,2026-09-19,ST,9,2,揮發,6.1,,,,
2026-09-19 08:28:01,2026-09-19,ST,9,3,花之萼,8.8,,,,
2026-09-19 08:28:01,2026-09-19,ST,9,4,作戰機器,23.0,,,,
2026-09-19 08:28:01,2026-09-19,ST,9,5,天使資金,7.2,,,,
2026-09-19 08:28:01,2026-09-19,ST,9,6,星彩女兒,4.3,,,,
2026-09-19 08:28:01,2026-09-19,ST,9,7,板球名手,15.0,,,,
2026-09-19 08:28:01,2026-09-19,ST,9,8,最激,19.0,,,,
2026-09-19 08:28:01,2026-09-19,ST,9,9,皇族本源,66.0,,,,
2026-09-19 08:28:01,2026-09-19,ST,9,10,赤星球,31.0,,,,
2026-09-19 08:28:01,2026-09-19,ST,9,11,勝步,25.0,,,,
2026-09-19 08:28:01,2026-09-19,ST,9,12,飛黃戰袍,21.0,,,,
2026-09-19 08:28:01,2026-09-19,ST,9,13,御賞賜,5.6,,,,
2026-09-19 08:28:01,2026-09-19,ST,9,14,烈陽神,35.0,,,,
2026-09-19 08:28:01,2026-09-19,ST,9,15,波斯志氣,52.0,,,,
2026-09-19 08:28:01,2026-09-19,ST,9,16,偵察任務,54.0,,,,
2026-09-19 08:28:01,2026-09-19,ST,10,1,珍蓮草地,71.0,,,,
2026-09-19 08:28:01,2026-09-19,ST,10,2,前衛趨時,14.0,,,,
2026-09-19 08:28:01,2026-09-19,ST,10,4,百中幻術,22.0,,,,
2026-09-19 08:28:01,2026-09-19,ST,10,5,力勁速,49.0,,,,
2026-09-19 08:28:01,2026-09-19,ST,10,6,發佈會,52.0,,,,
2026-09-19 08:28:01,2026-09-19,ST,10,7,喜迎門,5.6,,,,
2026-09-19 08:28:01,2026-09-19,ST,10,9,繁花浪,12.0,,,,
2026-09-19 08:28:01,2026-09-19,ST,10,10,鄉風,64.0,,,,
2026-09-19 08:28:01,2026-09-19,ST,10,12,超圓月,21.0,,,,
2026-09-19 08:28:01,2026-09-19,ST,10,14,水上運動,24.0,,,,
2026-09-19 08:28:01,2026-09-19,ST,10,17,艦級重量,2.1,,,,
2026-09-19 08:28:01,2026-09-19,ST,10,19,雪山公國,4.7,,,,
2026-09-19 12:38:38,2026-09-19,ST,1,2,禮貌事成,15.0,,,,
2026-09-19 12:38:38,2026-09-19,ST,1,3,慈皇,3.7,,,,
2026-09-19 12:38:38,2026-09-19,ST,1,4,摯情守望,22.0,,,,
2026-09-19 12:38:38,2026-09-19,ST,1,6,無懼,15.0,,,,
2026-09-19 12:38:38,2026-09-19,ST,1,7,旗開馬到,33.0,,,,
2026-09-19 12:38:38,2026-09-19,ST,1,8,艷羨,8.2,,,,
2026-09-19 12:38:38,2026-09-19,ST,1,9,喜旋,8.6,,,,
2026-09-19 12:38:38,2026-09-19,ST,1,10,鮮明新作,24.0,,,,
2026-09-19 12:38:38,2026-09-19,ST,1,11,男模特兒,77.0,,,,
2026-09-19 12:38:38,2026-09-19,ST,1,13,陡山深村,54.0,,,,
2026-09-19 12:38:38,2026-09-19,ST,1,14,鐵馬驍騎,5.5,,,,
2026-09-19 12:38:38,2026-09-19,ST,1,15,水色澄瑩,18.0,,,,
2026-09-19 12:38:38,2026-09-19,ST,1,16,珍蓮多美,5.2,,,,
2026-09-19 12:38:38,2026-09-19,ST,2,1,雷暴電光,4.2,,,,
2026-09-19 12:38:38,2026-09-19,ST,2,2,范高耳語,3.4,,,,
2026-09-19 12:38:38,2026-09-19,ST,2,3,冽影,3.2,,,,
2026-09-19 12:38:38,2026-09-19,ST,2,4,理想前景,14.0,,,,
2026-09-19 12:38:38,2026-09-19,ST,2,5,波希神童,11.0,,,,
2026-09-19 12:38:38,2026-09-19,ST,2,6,滿樂真傳,52.0,,,,
2026-09-19 12:38:38,2026-09-19,ST,2,7,如虎似狐,39.0,,,,
2026-09-19 12:38:38,2026-09-19,ST,2,9,極速衝刺,5.7,,,,
2026-09-19 12:38:38,2026-09-19,ST,3,1,間諜線,6.7,,,,
2026-09-19 12:38:38,2026-09-19,ST,3,2,勝方上風,3.3,,,,
2026-09-19 12:38:38,2026-09-19,ST,3,3,必富之裔,6.5,,,,
2026-09-19 12:38:38,2026-09-19,ST,3,4,銅帶省會,16.0,,,,
2026-09-19 12:38:38,2026-09-19,ST,3,6,暴雷騰,7.9,,,,
2026-09-19 12:38:38,2026-09-19,ST,3,7,實幹派,8.8,,,,
2026-09-19 12:38:38,2026-09-19,ST,3,8,名傑,17.0,,,,
2026-09-19 12:38:38,2026-09-19,ST,3,9,秀木迎風,22.0,,,,
2026-09-19 12:38:38,2026-09-19,ST,3,11,行為舉止,4.9,,,,
2026-09-19 12:38:38,2026-09-19,ST,4,2,週二逆襲,19.0,,,,
2026-09-19 12:38:38,2026-09-19,ST,4,4,綺天女,22.0,,,,
2026-09-19 12:38:38,2026-09-19,ST,4,5,揮金玉,3.4,,,,
2026-09-19 12:38:38,2026-09-19,ST,4,6,破格寫實,5.1,,,,
2026-09-19 12:38:38,2026-09-19,ST,4,8,北島小灣,3.9,,,,
2026-09-19 12:38:38,2026-09-19,ST,4,9,冰清心,8.0,,,,
2026-09-19 12:38:38,2026-09-19,ST,4,10,飛舞入聖,7.2,,,,
2026-09-19 12:38:38,2026-09-19,ST,4,11,熾心,54.0,,,,
2026-09-19 12:38:38,2026-09-19,ST,4,12,幻仙域,32.0,,,,
2026-09-19 12:38:38,2026-09-19,ST,4,14,駿驪,15.0,,,,
2026-09-19 12:38:38,2026-09-19,ST,5,1,龍捲谷,13.0,,,,
2026-09-19 12:38:38,2026-09-19,ST,5,2,美國鷹,5.8,,,,
2026-09-19 12:38:38,2026-09-19,ST,5,3,加碼一擲,2.0,,,,
2026-09-19 12:38:38,2026-09-19,ST,5,4,聯營共利,61.0,,,,
2026-09-19 12:38:38,2026-09-19,ST,5,5,狼山峽,4.0,,,,
2026-09-19 12:38:38,2026-09-19,ST,5,6,大同盟,24.0,,,,
2026-09-19 12:38:38,2026-09-19,ST,5,7,熾天狐,15.0,,,,
2026-09-19 12:38:38,2026-09-19,ST,5,8,風連雪,41.0,,,,
2026-09-19 12:38:38,2026-09-19,ST,5,9,煉金密術,13.0,,,,
2026-09-19 12:38:38,2026-09-19,ST,6,1,玩意舞動,45.0,,,,
2026-09-19 12:38:38,2026-09-19,ST,6,2,慈悲之行,18.0,,,,
2026-09-19 12:38:38,2026-09-19,ST,6,3,北極角,7.1,,,,
2026-09-19 12:38:38,2026-09-19,ST,6,4,風俗習慣,6.5,,,,
2026-09-19 12:38:38,2026-09-19,ST,6,5,明證當前,34.0,,,,
2026-09-19 12:38:38,2026-09-19,ST,6,6,星之聲,38.0,,,,
2026-09-19 12:38:38,2026-09-19,ST,6,8,自在痴心,14.0,,,,
2026-09-19 12:38:38,2026-09-19,ST,6,9,星途坦蕩,16.0,,,,
2026-09-19 12:38:38,2026-09-19,ST,6,10,新娘舞曲,1.8,,,,
2026-09-19 12:38:38,2026-09-19,ST,6,12,青春美照,10.0,,,,
2026-09-19 12:38:38,2026-09-19,ST,7,1,力先生,2.9,,,,
2026-09-19 12:38:38,2026-09-19,ST,7,2,實幹牛仔,10.0,,,,
2026-09-19 12:38:38,2026-09-19,ST,7,3,耗敵,77.0,,,,
2026-09-19 12:38:38,2026-09-19,ST,7,4,精細線條,41.0,,,,
2026-09-19 12:38:38,2026-09-19,ST,7,5,星辰征駕,2.1,,,,
2026-09-19 12:38:38,2026-09-19,ST,7,6,天鳥俠義,6.1,,,,
2026-09-19 12:38:38,2026-09-19,ST,7,7,中土世界,32.0,,,,
2026-09-19 12:38:38,2026-09-19,ST,7,8,御獵林區,13.0,,,,
2026-09-19 12:38:38,2026-09-19,ST,8,1,名爵特選,84.0,,,,
2026-09-19 12:38:38,2026-09-19,ST,8,2,星驥,39.0,,,,
2026-09-19 12:38:38,2026-09-19,ST,8,3,聖喬治,4.4,,,,
2026-09-19 12:38:38,2026-09-19,ST,8,4,寶麗公園,72.0,,,,
2026-09-19 12:38:38,2026-09-19,ST,8,5,活頓光華,13.0,,,,
2026-09-19 12:38:38,2026-09-19,ST,8,6,一爭霸權,30.0,,,,
2026-09-19 12:38:38,2026-09-19,ST,8,7,暢如行雲,99.0,,,,
2026-09-19 12:38:38,2026-09-19,ST,8,8,快手出招,100.0,,,,
2026-09-19 12:38:38,2026-09-19,ST,8,9,聚星成河,104.0,,,,
2026-09-19 12:38:38,2026-09-19,ST,8,10,心思谷,91.0,,,,
2026-09-19 12:38:38,2026-09-19,ST,8,11,帝驥,5.1,,,,
2026-09-19 12:38:38,2026-09-19,ST,8,12,公事公辦,63.0,,,,
2026-09-19 12:38:38,2026-09-19,ST,8,14,爭輝一族,2.8,,,,
2026-09-19 12:38:38,2026-09-19,ST,8,16,姬兒掃射,9.0,,,,
2026-09-19 12:38:38,2026-09-19,ST,8,18,野生天堂,11.0,,,,
2026-09-19 12:38:38,2026-09-19,ST,8,19,御林深谷,58.0,,,,
2026-09-19 12:38:38,2026-09-19,ST,9,1,倜儻小貓,34.0,,,,
2026-09-19 12:38:38,2026-09-19,ST,9,2,揮發,6.1,,,,
2026-09-19 12:38:38,2026-09-19,ST,9,3,花之萼,8.8,,,,
2026-09-19 12:38:38,2026-09-19,ST,9,4,作戰機器,23.0,,,,
2026-09-19 12:38:38,2026-09-19,ST,9,5,天使資金,7.2,,,,
2026-09-19 12:38:38,2026-09-19,ST,9,6,星彩女兒,4.3,,,,
2026-09-19 12:38:38,2026-09-19,ST,9,7,板球名手,15.0,,,,
2026-09-19 12:38:38,2026-09-19,ST,9,8,最激,19.0,,,,
2026-09-19 12:38:38,2026-09-19,ST,9,9,皇族本源,66.0,,,,
2026-09-19 12:38:38,2026-09-19,ST,9,10,赤星球,31.0,,,,
2026-09-19 12:38:38,2026-09-19,ST,9,11,勝步,25.0,,,,
2026-09-19 12:38:38,2026-09-19,ST,9,12,飛黃戰袍,21.0,,,,
2026-09-19 12:38:38,2026-09-19,ST,9,13,御賞賜,5.6,,,,
2026-09-19 12:38:38,2026-09-19,ST,9,14,烈陽神,35.0,,,,
2026-09-19 12:38:38,2026-09-19,ST,9,15,波斯志氣,52.0,,,,
2026-09-19 12:38:38,2026-09-19,ST,9,16,偵察任務,54.0,,,,
2026-09-19 12:38:38,2026-09-19,ST,10,1,珍蓮草地,71.0,,,,
2026-09-19 12:38:38,2026-09-19,ST,10,2,前衛趨時,14.0,,,,
2026-09-19 12:38:38,2026-09-19,ST,10,4,百中幻術,22.0,,,,
2026-09-19 12:38:38,2026-09-19,ST,10,5,力勁速,49.0,,,,
2026-09-19 12:38:38,2026-09-19,ST,10,6,發佈會,52.0,,,,
2026-09-19 12:38:38,2026-09-19,ST,10,7,喜迎門,5.6,,,,
2026-09-19 12:38:38,2026-09-19,ST,10,9,繁花浪,12.0,,,,
2026-09-19 12:38:38,2026-09-19,ST,10,10,鄉風,64.0,,,,
2026-09-19 12:38:38,2026-09-19,ST,10,12,超圓月,21.0,,,,
2026-09-19 12:38:38,2026-09-19,ST,10,14,水上運動,24.0,,,,
2026-09-19 12:38:38,2026-09-19,ST,10,17,艦級重量,2.1,,,,
2026-09-19 12:38:38,2026-09-19,ST,10,19,雪山公國,4.7,,,,
2026-09-19 16:11:44,2026-09-19,ST,1,2,禮貌事成,15.0,,,,
2026-09-19 16:11:44,2026-09-19,ST,1,3,慈皇,3.7,,,,
2026-09-19 16:11:44,2026-09-19,ST,1,4,摯情守望,22.0,,,,
2026-09-19 16:11:44,2026-09-19,ST,1,6,無懼,15.0,,,,
2026-09-19 16:11:44,2026-09-19,ST,1,7,旗開馬到,33.0,,,,
2026-09-19 16:11:44,2026-09-19,ST,1,8,艷羨,8.2,,,,
2026-09-19 16:11:44,2026-09-19,ST,1,9,喜旋,8.6,,,,
2026-09-19 16:11:44,2026-09-19,ST,1,10,鮮明新作,24.0,,,,
2026-09-19 16:11:44,2026-09-19,ST,1,11,男模特兒,77.0,,,,
2026-09-19 16:11:44,2026-09-19,ST,1,13,陡山深村,54.0,,,,
2026-09-19 16:11:44,2026-09-19,ST,1,14,鐵馬驍騎,5.5,,,,
2026-09-19 16:11:44,2026-09-19,ST,1,15,水色澄瑩,18.0,,,,
2026-09-19 16:11:44,2026-09-19,ST,1,16,珍蓮多美,5.2,,,,
2026-09-19 16:11:44,2026-09-19,ST,2,1,雷暴電光,4.2,,,,
2026-09-19 16:11:44,2026-09-19,ST,2,2,范高耳語,3.4,,,,
2026-09-19 16:11:44,2026-09-19,ST,2,3,冽影,3.2,,,,
2026-09-19 16:11:44,2026-09-19,ST,2,4,理想前景,14.0,,,,
2026-09-19 16:11:44,2026-09-19,ST,2,5,波希神童,11.0,,,,
2026-09-19 16:11:44,2026-09-19,ST,2,6,滿樂真傳,52.0,,,,
2026-09-19 16:11:44,2026-09-19,ST,2,7,如虎似狐,39.0,,,,
2026-09-19 16:11:44,2026-09-19,ST,2,9,極速衝刺,5.7,,,,
2026-09-19 16:11:44,2026-09-19,ST,3,1,間諜線,6.7,,,,
2026-09-19 16:11:44,2026-09-19,ST,3,2,勝方上風,3.3,,,,
2026-09-19 16:11:44,2026-09-19,ST,3,3,必富之裔,6.5,,,,
2026-09-19 16:11:44,2026-09-19,ST,3,4,銅帶省會,16.0,,,,
2026-09-19 16:11:44,2026-09-19,ST,3,6,暴雷騰,7.9,,,,
2026-09-19 16:11:44,2026-09-19,ST,3,7,實幹派,8.8,,,,
2026-09-19 16:11:44,2026-09-19,ST,3,8,名傑,17.0,,,,
2026-09-19 16:11:44,2026-09-19,ST,3,9,秀木迎風,22.0,,,,
2026-09-19 16:11:44,2026-09-19,ST,3,11,行為舉止,4.9,,,,
2026-09-19 16:11:44,2026-09-19,ST,4,2,週二逆襲,19.0,,,,
2026-09-19 16:11:44,2026-09-19,ST,4,4,綺天女,22.0,,,,
2026-09-19 16:11:44,2026-09-19,ST,4,5,揮金玉,3.4,,,,
2026-09-19 16:11:44,2026-09-19,ST,4,6,破格寫實,5.1,,,,
2026-09-19 16:11:44,2026-09-19,ST,4,8,北島小灣,3.9,,,,
2026-09-19 16:11:44,2026-09-19,ST,4,9,冰清心,8.0,,,,
2026-09-19 16:11:44,2026-09-19,ST,4,10,飛舞入聖,7.2,,,,
2026-09-19 16:11:44,2026-09-19,ST,4,11,熾心,54.0,,,,
2026-09-19 16:11:44,2026-09-19,ST,4,12,幻仙域,32.0,,,,
2026-09-19 16:11:44,2026-09-19,ST,4,14,駿驪,15.0,,,,
2026-09-19 16:11:44,2026-09-19,ST,5,1,龍捲谷,13.0,,,,
2026-09-19 16:11:44,2026-09-19,ST,5,2,美國鷹,5.8,,,,
2026-09-19 16:11:44,2026-09-19,ST,5,3,加碼一擲,2.0,,,,
2026-09-19 16:11:44,2026-09-19,ST,5,4,聯營共利,61.0,,,,
2026-09-19 16:11:44,2026-09-19,ST,5,5,狼山峽,4.0,,,,
2026-09-19 16:11:44,2026-09-19,ST,5,6,大同盟,24.0,,,,
2026-09-19 16:11:44,2026-09-19,ST,5,7,熾天狐,15.0,,,,
2026-09-19 16:11:44,2026-09-19,ST,5,8,風連雪,41.0,,,,
2026-09-19 16:11:44,2026-09-19,ST,5,9,煉金密術,13.0,,,,
2026-09-19 16:11:44,2026-09-19,ST,6,1,玩意舞動,45.0,,,,
2026-09-19 16:11:44,2026-09-19,ST,6,2,慈悲之行,18.0,,,,
2026-09-19 16:11:44,2026-09-19,ST,6,3,北極角,7.1,,,,
2026-09-19 16:11:44,2026-09-19,ST,6,4,風俗習慣,6.5,,,,
2026-09-19 16:11:44,2026-09-19,ST,6,5,明證當前,34.0,,,,
2026-09-19 16:11:44,2026-09-19,ST,6,6,星之聲,38.0,,,,
2026-09-19 16:11:44,2026-09-19,ST,6,8,自在痴心,14.0,,,,
2026-09-19 16:11:44,2026-09-19,ST,6,9,星途坦蕩,16.0,,,,
2026-09-19 16:11:44,2026-09-19,ST,6,10,新娘舞曲,1.8,,,,
2026-09-19 16:11:44,2026-09-19,ST,6,12,青春美照,10.0,,,,
2026-09-19 16:11:44,2026-09-19,ST,7,1,力先生,2.9,,,,
2026-09-19 16:11:44,2026-09-19,ST,7,2,實幹牛仔,10.0,,,,
2026-09-19 16:11:44,2026-09-19,ST,7,3,耗敵,77.0,,,,
2026-09-19 16:11:44,2026-09-19,ST,7,4,精細線條,41.0,,,,
2026-09-19 16:11:44,2026-09-19,ST,7,5,星辰征駕,2.1,,,,
2026-09-19 16:11:44,2026-09-19,ST,7,6,天鳥俠義,6.1,,,,
2026-09-19 16:11:44,2026-09-19,ST,7,7,中土世界,32.0,,,,
2026-09-19 16:11:44,2026-09-19,ST,7,8,御獵林區,13.0,,,,
2026-09-19 16:11:44,2026-09-19,ST,8,1,名爵特選,84.0,,,,
2026-09-19 16:11:44,2026-09-19,ST,8,2,星驥,39.0,,,,
2026-09-19 16:11:44,2026-09-19,ST,8,3,聖喬治,4.4,,,,
2026-09-19 16:11:44,2026-09-19,ST,8,4,寶麗公園,72.0,,,,
2026-09-19 16:11:44,2026-09-19,ST,8,5,活頓光華,13.0,,,,
2026-09-19 16:11:44,2026-09-19,ST,8,6,一爭霸權,30.0,,,,
2026-09-19 16:11:44,2026-09-19,ST,8,7,暢如行雲,99.0,,,,
2026-09-19 16:11:44,2026-09-19,ST,8,8,快手出招,100.0,,,,
2026-09-19 16:11:44,2026-09-19,ST,8,9,聚星成河,104.0,,,,
2026-09-19 16:11:44,2026-09-19,ST,8,10,心思谷,91.0,,,,
2026-09-19 16:11:44,2026-09-19,ST,8,11,帝驥,5.1,,,,
2026-09-19 16:11:44,2026-09-19,ST,8,12,公事公辦,63.0,,,,
2026-09-19 16:11:44,2026-09-19,ST,8,14,爭輝一族,2.8,,,,
2026-09-19 16:11:44,2026-09-19,ST,8,16,姬兒掃射,9.0,,,,
2026-09-19 16:11:44,2026-09-19,ST,8,18,野生天堂,11.0,,,,
2026-09-19 16:11:44,2026-09-19,ST,8,19,御林深谷,58.0,,,,
2026-09-19 16:11:44,2026-09-19,ST,9,1,倜儻小貓,34.0,,,,
2026-09-19 16:11:44,2026-09-19,ST,9,2,揮發,6.1,,,,
2026-09-19 16:11:44,2026-09-19,ST,9,3,花之萼,8.8,,,,
2026-09-19 16:11:44,2026-09-19,ST,9,4,作戰機器,23.0,,,,
2026-09-19 16:11:44,2026-09-19,ST,9,5,天使資金,7.2,,,,
2026-09-19 16:11:44,2026-09-19,ST,9,6,星彩女兒,4.3,,,,
2026-09-19 16:11:44,2026-09-19,ST,9,7,板球名手,15.0,,,,
2026-09-19 16:11:44,2026-09-19,ST,9,8,最激,19.0,,,,
2026-09-19 16:11:44,2026-09-19,ST,9,9,皇族本源,66.0,,,,
2026-09-19 16:11:44,2026-09-19,ST,9,10,赤星球,31.0,,,,
2026-09-19 16:11:44,2026-09-19,ST,9,11,勝步,25.0,,,,
2026-09-19 16:11:44,2026-09-19,ST,9,12,飛黃戰袍,21.0,,,,
2026-09-19 16:11:44,2026-09-19,ST,9,13,御賞賜,5.6,,,,
2026-09-19 16:11:44,2026-09-19,ST,9,14,烈陽神,35.0,,,,
2026-09-19 16:11:44,2026-09-19,ST,9,15,波斯志氣,52.0,,,,
2026-09-19 16:11:44,2026-09-19,ST,9,16,偵察任務,54.0,,,,
2026-09-19 16:11:44,2026-09-19,ST,10,1,珍蓮草地,71.0,,,,
2026-09-19 16:11:44,2026-09-19,ST,10,2,前衛趨時,14.0,,,,
2026-09-19 16:11:44,2026-09-19,ST,10,4,百中幻術,22.0,,,,
2026-09-19 16:11:44,2026-09-19,ST,10,5,力勁速,49.0,,,,
2026-09-19 16:11:44,2026-09-19,ST,10,6,發佈會,52.0,,,,
2026-09-19 16:11:44,2026-09-19,ST,10,7,喜迎門,5.6,,,,
2026-09-19 16:11:44,2026-09-19,ST,10,9,繁花浪,12.0,,,,
2026-09-19 16:11:44,2026-09-19,ST,10,10,鄉風,64.0,,,,
2026-09-19 16:11:44,2026-09-19,ST,10,12,超圓月,21.0,,,,
2026-09-19 16:11:44,2026-09-19,ST,10,14,水上運動,24.0,,,,
2026-09-19 16:11:44,2026-09-19,ST,10,17,艦級重量,2.1,,,,
2026-09-19 16:11:44,2026-09-19,ST,10,19,雪山公國,4.7,,,,
2026-09-20 08:59:34,2026-09-20,ST,1,1,珍蓮草地,71.0,,,,
2026-09-20 08:59:34,2026-09-20,ST,1,2,前衛趨時,14.0,,,,
2026-09-20 08:59:34,2026-09-20,ST,1,4,百中幻術,22.0,,,,
2026-09-20 08:59:34,2026-09-20,ST,1,5,力勁速,49.0,,,,
2026-09-20 08:59:34,2026-09-20,ST,1,6,發佈會,52.0,,,,
2026-09-20 08:59:34,2026-09-20,ST,1,7,喜迎門,5.6,,,,
2026-09-20 08:59:34,2026-09-20,ST,1,9,繁花浪,12.0,,,,
2026-09-20 08:59:34,2026-09-20,ST,1,10,鄉風,64.0,,,,
2026-09-20 08:59:34,2026-09-20,ST,1,12,超圓月,21.0,,,,
2026-09-20 08:59:34,2026-09-20,ST,1,14,水上運動,24.0,,,,
2026-09-20 08:59:34,2026-09-20,ST,1,17,艦級重量,2.1,,,,
2026-09-20 08:59:34,2026-09-20,ST,1,19,雪山公國,4.7,,,,
2026-09-20 13:32:10,2026-09-20,ST,1,1,珍蓮草地,71.0,,,,
2026-09-20 13:32:10,2026-09-20,ST,1,2,前衛趨時,14.0,,,,
2026-09-20 13:32:10,2026-09-20,ST,1,4,百中幻術,22.0,,,,
2026-09-20 13:32:10,2026-09-20,ST,1,5,力勁速,49.0,,,,
2026-09-20 13:32:10,2026-09-20,ST,1,6,發佈會,52.0,,,,
2026-09-20 13:32:10,2026-09-20,ST,1,7,喜迎門,5.6,,,,
2026-09-20 13:32:10,2026-09-20,ST,1,9,繁花浪,12.0,,,,
2026-09-20 13:32:10,2026-09-20,ST,1,10,鄉風,64.0,,,,
2026-09-20 13:32:10,2026-09-20,ST,1,12,超圓月,21.0,,,,
2026-09-20 13:32:10,2026-09-20,ST,1,14,水上運動,24.0,,,,
2026-09-20 13:32:10,2026-09-20,ST,1,17,艦級重量,2.1,,,,
2026-09-20 13:32:10,2026-09-20,ST,1,19,雪山公國,4.7,,,,
2026-09-20 17:14:51,2026-09-20,ST,1,1,珍蓮草地,71.0,,,,
2026-09-20 17:14:51,2026-09-20,ST,1,2,前衛趨時,14.0,,,,
2026-09-20 17:14:51,2026-09-20,ST,1,4,百中幻術,22.0,,,,
2026-09-20 17:14:51,2026-09-20,ST,1,5,力勁速,49.0,,,,
2026-09-20 17:14:51,2026-09-20,ST,1,6,發佈會,52.0,,,,
2026-09-20 17:14:51,2026-09-20,ST,1,7,喜迎門,5.6,,,,
2026-09-20 17:14:51,2026-09-20,ST,1,9,繁花浪,12.0,,,,
2026-09-20 17:14:51,2026-09-20,ST,1,10,鄉風,64.0,,,,
2026-09-20 17:14:51,2026-09-20,ST,1,12,超圓月,21.0,,,,
2026-09-20 17:14:51,2026-09-20,ST,1,14,水上運動,24.0,,,,
2026-09-20 17:14:51,2026-09-20,ST,1,17,艦級重量,2.1,,,,
2026-09-20 17:14:51,2026-09-20,ST,1,19,雪山公國,4.7,,,,
2026-10-10 15:41:42,2026-10-11,ST,1,1,勤德皆備,12,5,133,潘明輝,賀賢
2026-10-10 15:41:42,2026-10-11,ST,1,2,神異金剛,11,8,131,奧爾民,葉楚航
2026-10-10 15:41:42,2026-10-11,ST,1,3,嘉嘉友福,6.7,2,130,周俊樂 (-2),沈集成
2026-10-10 15:41:42,2026-10-11,ST,1,4,良駒好友,4.7,11,129,潘頓,文家良
2026-10-10 15:41:42,2026-10-11,ST,1,5,日日獎,10,9,128,霍宏聲,方嘉柏
2026-10-10 15:41:42,2026-10-11,ST,1,6,駿皇逸,41,1,128,巴度,黎昭昇
2026-10-10 15:41:42,2026-10-11,ST,1,7,大浪園田,5.8,7,128,金誠剛,鄭俊偉
2026-10-10 15:41:42,2026-10-11,ST,1,8,摯友心得,20,4,127,田泰安,桂福特
2026-10-10 15:41:42,2026-10-11,ST,1,9,勇者無敵,14,6,125,希威森,韋達
2026-10-10 15:41:42,2026-10-11,ST,1,10,喜行,16,3,121,艾兆禮,廖康銘
2026-10-10 15:41:42,2026-10-11,ST,1,11,五福星,7.8,10,120,袁幸堯 (-7),徐雨石
2026-10-10 15:41:42,2026-10-11,ST,1,12,千杯,11,12,120,鍾易禮 (-2),告東尼
2026-10-10 15:41:42,2026-10-11,ST,2,1,新力驕,7.8,9,135,周俊樂 (-2),蘇偉賢
2026-10-10 15:41:42,2026-10-11,ST,2,2,金風萬里,5.9,10,134,潘頓,桂福特
2026-10-10 15:41:42,2026-10-11,ST,2,3,駿美一生,38,14,133,何澤堯,葉楚航
2026-10-10 15:41:42,2026-10-11,ST,2,4,辣得金,7.3,7,133,梁家俊,巫偉傑
2026-10-10 15:41:42,2026-10-11,ST,2,5,尚旋,38,1,133,楊明綸,呂健威
2026-10-10 15:41:42,2026-10-11,ST,2,6,朗日雪峰,11,5,133,霍宏聲,方嘉柏
2026-10-10 15:41:42,2026-10-11,ST,2,7,雙子美麗,11,4,132,鍾易禮 (-2),告東尼
2026-10-10 15:41:42,2026-10-11,ST,2,8,陸小鳳,7.7,12,127,艾道拿,葉楚航
2026-10-10 15:41:42,2026-10-11,ST,2,9,歷險大將,19,8,126,奧爾民,徐雨石
2026-10-10 15:41:42,2026-10-11,ST,2,10,洛河,6.4,13,125,金誠剛,丁冠豪
2026-10-10 15:41:42,2026-10-11,ST,2,11,迅意,16,3,123,黃寶妮 (-7),韋達
2026-10-10 15:41:42,2026-10-11,ST,2,12,不勞而獲,11,6,122,袁幸堯 (-7),葉楚航
2026-10-10 15:41:42,2026-10-11,ST,2,13,建測精英,24,2,122,潘明輝,黎昭昇
2026-10-10 15:41:42,2026-10-11,ST,2,14,鼓浪高升,34,11,118,艾兆禮,姚本輝
2026-10-10 15:41:42,2026-10-11,ST,3,1,跨境駿馬,4.6,5,135,艾兆禮,蔡約翰
2026-10-10 15:41:42,2026-10-11,ST,3,2,龍之悅,6.8,2,131,奧爾民,呂健威
2026-10-10 15:41:42,2026-10-11,ST,3,3,賢者福星,32,3,130,潘明輝,賀賢
2026-10-10 15:41:42,2026-10-11,ST,3,4,滿利時,3.1,7,128,周俊樂 (-2),游達榮
2026-10-10 15:41:42,2026-10-11,ST,3,5,各絲各法,22,11,128,袁幸堯 (-7),姚本輝
2026-10-10 15:41:42,2026-10-11,ST,3,6,風火猴王,42,8,130,艾道拿,游達榮
2026-10-10 15:41:42,2026-10-11,ST,3,7,馬寶寶,12,4,127,何澤堯,蘇偉賢
2026-10-10 15:41:42,2026-10-11,ST,3,8,小魔怪,7.4,10,125,梁家俊,巫偉傑
2026-10-10 15:41:42,2026-10-11,ST,3,9,幸運大夫,11,1,122,黃寶妮 (-7),伍鵬志
2026-10-10 15:41:42,2026-10-11,ST,3,10,奇異歡星,22,9,122,黃智弘 (-3),方嘉柏
2026-10-10 15:41:42,2026-10-11,ST,3,11,源好運,17,12,117,巴度,廖康銘
2026-10-10 15:41:42,2026-10-11,ST,3,12,種得好,42,6,116,楊明綸,文家良
2026-10-10 15:41:42,2026-10-11,ST,4,1,鑽石星空,13,5,135,黃寶妮 (-7),徐雨石
2026-10-10 15:41:42,2026-10-11,ST,4,2,致力之城,1.3,2,131,艾道拿,大衛希斯
2026-10-10 15:41:42,2026-10-11,ST,4,4,富心星,20,7,127,梁家俊,方嘉柏
2026-10-10 15:41:42,2026-10-11,ST,4,5,德心知遇,14,6,126,田泰安,蔡約翰
2026-10-10 15:41:42,2026-10-11,ST,4,6,定風波,39,9,122,黃智弘 (-3),沈集成
2026-10-10 15:41:42,2026-10-11,ST,4,7,價值傳承,19,1,122,班德禮,葉楚航
2026-10-10 15:41:42,2026-10-11,ST,4,8,肯佩斯,23,8,121,艾兆禮,賀賢
2026-10-10 15:41:42,2026-10-11,ST,4,9,狀元聲價,7.5,4,121,袁幸堯 (-7),甘敏斯
2026-10-10 15:41:42,2026-10-11,ST,4,10,皇仁歡星,35,3,117,蔡明紹,姚本輝
2026-10-10 15:41:42,2026-10-11,ST,5,1,起舞奜奜,13,9,134,霍宏聲,文家良
2026-10-10 15:41:42,2026-10-11,ST,5,2,文明戰士,2.6,4,133,潘頓,葉楚航
2026-10-10 15:41:42,2026-10-11,ST,5,3,棒棒糖,16,3,133,奧爾民,方嘉柏
2026-10-10 15:41:42,2026-10-11,ST,5,4,怡傲錢莊,13,5,132,周俊樂 (-2),游達榮
2026-10-10 15:41:42,2026-10-11,ST,5,5,智勝一籌,16,2,131,蔡明紹,蘇偉賢
2026-10-10 15:41:42,2026-10-11,ST,5,6,穿甲戰鷹,9.2,11,130,梁家俊,廖康銘
2026-10-10 15:41:42,2026-10-11,ST,5,7,金玉良言,19,12,130,黃寶妮 (-7),賀賢
2026-10-10 15:41:42,2026-10-11,ST,5,8,日馳千里,11,10,127,袁幸堯 (-7),姚本輝
2026-10-10 15:41:42,2026-10-11,ST,5,9,老鼠斑,7.0,1,124,黃智弘 (-3),沈集成
2026-10-10 15:41:42,2026-10-11,ST,5,10,巨靈神,14,7,121,巫顯東 (-2),徐雨石
2026-10-10 15:41:42,2026-10-11,ST,5,11,神箭,15,8,121,希威森,桂福特
2026-10-10 15:41:42,2026-10-11,ST,5,12,魅力星,24,6,121,艾兆禮,蔡約翰
2026-10-10 15:41:42,2026-10-11,ST,6,1,勝於藍,22,7,135,艾道拿,游達榮
2026-10-10 15:41:42,2026-10-11,ST,6,2,創寶駒,5.2,12,133,潘頓,黎昭昇
2026-10-10 15:41:42,2026-10-11,ST,6,3,皇龍天將,6.4,3,131,蔡明紹,姚本輝
2026-10-10 15:41:42,2026-10-11,ST,6,4,錶之光速,14,11,131,艾兆禮,蔡約翰
2026-10-10 15:41:42,2026-10-11,ST,6,5,睿麗人生,21,9,131,希威森,廖康銘
2026-10-10 15:41:42,2026-10-11,ST,6,6,電訊日進,23,2,131,奧爾民,伍鵬志
2026-10-10 15:41:42,2026-10-11,ST,6,7,浩然,4.6,4,129,楊明綸,丁冠豪
2026-10-10 15:41:42,2026-10-11,ST,6,8,鸚姿威鵡,12,6,127,巫顯東 (-2),蘇偉賢
2026-10-10 15:41:42,2026-10-11,ST,6,9,快樂共濟,13,10,126,何澤堯,呂健威
2026-10-10 15:41:42,2026-10-11,ST,6,10,快樂高球,8.8,8,125,班德禮,羅富全
2026-10-10 15:41:42,2026-10-11,ST,6,11,猶有心得,24,1,119,田泰安,桂福特
2026-10-10 15:41:42,2026-10-11,ST,6,12,共創歡欣,7.5,5,119,潘明輝,大衛希斯
2026-10-10 15:41:42,2026-10-11,ST,7,1,喜豐年,11,12,135,巴度,甘敏斯
2026-10-10 15:41:42,2026-10-11,ST,7,2,渡月橋,27,14,134,田泰安,桂福特
2026-10-10 15:41:42,2026-10-11,ST,7,3,活力精神,3.3,2,130,梁家俊,大衛希斯
2026-10-10 15:41:42,2026-10-11,ST,7,4,百威多贏,16,3,130,巫顯東 (-2),徐雨石
2026-10-10 15:41:42,2026-10-11,ST,7,5,步風影,12,5,130,何澤堯,伍鵬志
2026-10-10 15:41:42,2026-10-11,ST,7,6,領駿先鋒,7.7,7,129,潘頓,葉楚航
2026-10-10 15:41:42,2026-10-11,ST,7,7,騰達勇士,30,11,119,班德禮,方嘉柏
2026-10-10 15:41:42,2026-10-11,ST,7,8,和光同塵,25,13,129,蔡明紹,巫偉傑
2026-10-10 15:41:42,2026-10-11,ST,7,9,震撼人心,6.2,4,129,艾兆禮,蔡約翰
2026-10-10 15:41:42,2026-10-11,ST,7,10,天福,16,1,129,艾道拿,姚本輝
2026-10-10 15:41:42,2026-10-11,ST,7,11,共同享樂,30,9,126,霍宏聲,羅富全
2026-10-10 15:41:42,2026-10-11,ST,7,12,熒光,50,8,124,黃智弘 (-3),文家良
2026-10-10 15:41:42,2026-10-11,ST,7,13,君至酷,63,6,124,楊明綸,呂健威
2026-10-10 15:41:42,2026-10-11,ST,7,14,開心五月,6.5,10,123,周俊樂 (-2),告東尼
2026-10-10 15:41:42,2026-10-11,ST,8,1,旌採,7.5,2,135,艾兆禮,姚本輝
2026-10-10 15:41:42,2026-10-11,ST,8,2,部族高手,17,9,130,周俊樂 (-2),廖康銘
2026-10-10 15:41:42,2026-10-11,ST,8,3,八仟財陞,9.5,1,130,梁家俊,羅富全
2026-10-10 15:41:42,2026-10-11,ST,8,4,睿智多寶,28,13,127,巴度,黎昭昇
2026-10-10 15:41:42,2026-10-11,ST,8,5,爆出美麗,13,6,126,蔡明紹,告東尼
2026-10-10 15:41:42,2026-10-11,ST,8,6,鬥志波,9.9,7,126,霍宏聲,巫偉傑
2026-10-10 15:41:42,2026-10-11,ST,8,7,勤德天下,12,12,126,潘明輝,鄭俊偉
2026-10-10 15:41:42,2026-10-11,ST,8,8,同樣世界,16,4,125,艾道拿,大衛希斯
2026-10-10 15:41:42,2026-10-11,ST,8,9,金鑽精靈,24,11,125,希威森,韋達
2026-10-10 15:41:42,2026-10-11,ST,8,10,新力飆,23,8,122,金誠剛,蘇偉賢
2026-10-10 15:41:42,2026-10-11,ST,8,11,華麗再贏,3.6,3,121,潘頓,沈集成
2026-10-10 15:41:42,2026-10-11,ST,8,12,富裕君子,28,10,119,何澤堯,方嘉柏
2026-10-10 15:41:42,2026-10-11,ST,8,13,天蓬貓,7.4,14,118,田泰安,伍鵬志
2026-10-10 15:41:42,2026-10-11,ST,8,14,光明傳承,23,5,117,鍾易禮 (-2),葉楚航
2026-10-10 15:41:42,2026-10-11,ST,9,1,駿步騰飛,14,8,135,潘頓,游達榮
2026-10-10 15:41:42,2026-10-11,ST,9,2,閃耀天河,12,9,134,周俊樂 (-2),呂健威
2026-10-10 15:41:42,2026-10-11,ST,9,3,開心指數,4.0,2,131,何澤堯,文家良
2026-10-10 15:41:42,2026-10-11,ST,9,4,冷娃,4.2,5,128,巴度,黎昭昇
2026-10-10 15:41:42,2026-10-11,ST,9,5,隨想曲,22,7,126,巫顯東 (-2),徐雨石
2026-10-10 15:41:42,2026-10-11,ST,9,6,精英高球,18,12,123,班德禮,蘇偉賢
2026-10-10 15:41:42,2026-10-11,ST,9,7,大愛無疆,25,1,123,希威森,廖康銘
2026-10-10 15:41:42,2026-10-11,ST,9,8,正本巨星,9.7,3,123,霍宏聲,方嘉柏
2026-10-10 15:41:42,2026-10-11,ST,9,9,絲王之王,15,10,121,田泰安,蔡約翰
2026-10-10 15:41:42,2026-10-11,ST,9,10,香港仔,5.2,6,119,艾兆禮,羅富全
2026-10-10 15:41:42,2026-10-11,ST,9,11,上海勇士,24,11,118,潘明輝,沈集成
2026-10-10 15:41:42,2026-10-11,ST,9,12,駿毅快車,23,4,116,蔡明紹,姚本輝
2026-10-10 15:41:42,2026-10-11,ST,10,1,同樣美麗,8.4,1,131,鍾易禮 (-2),告東尼
2026-10-10 15:41:42,2026-10-11,ST,10,2,泰坦,4.2,4,131,周俊樂 (-2),游達榮
2026-10-10 15:41:42,2026-10-11,ST,10,3,一世美麗,10,5,129,艾兆禮,蔡約翰
2026-10-10 15:41:42,2026-10-11,ST,10,4,大眾福星,28,14,128,艾道拿,羅富全
2026-10-10 15:41:42,2026-10-11,ST,10,5,重情重義,14,3,128,袁幸堯 (-7),姚本輝
2026-10-10 15:41:42,2026-10-11,ST,10,6,開心福駒,27,8,128,希威森,桂福特
2026-10-10 15:41:42,2026-10-11,ST,10,7,潮州精神,8.1,9,127,巴度,文家良
2026-10-10 15:41:42,2026-10-11,ST,10,8,一馬當先,41,13,126,潘明輝,大衛希斯
2026-10-10 15:41:42,2026-10-11,ST,10,9,星月飛雲,5.6,6,125,潘頓,韋達
2026-10-10 15:41:42,2026-10-11,ST,10,10,做好自己,7.4,7,125,黃寶妮 (-7),呂健威
2026-10-10 15:41:42,2026-10-11,ST,10,11,暴風之子,35,12,124,黃智弘 (-3),徐雨石
2026-10-10 15:41:42,2026-10-11,ST,10,12,咕嚕快跑,27,2,120,田泰安,巫偉傑
2026-10-10 15:41:42,2026-10-11,ST,10,13,勁好運,26,10,120,蔡明紹,廖康銘
2026-10-10 15:41:42,2026-10-11,ST,10,14,正本唐心,17,11,120,何澤堯,方嘉柏
2026-10-10 15:41:42,2026-10-11,ST,11,1,風雲武士,16,6,134,袁幸堯 (-7),大衛希斯
2026-10-10 15:41:42,2026-10-11,ST,11,2,扶搖勢勁,9.9,5,132,潘頓,姚本輝
2026-10-10 15:41:42,2026-10-11,ST,11,3,嘉應奇兵,9.8,10,129,潘明輝,賀賢
2026-10-10 15:41:42,2026-10-11,ST,11,4,競駿輝煌,14,8,128,艾兆禮,蔡約翰
2026-10-10 15:41:42,2026-10-11,ST,11,5,自強不息,22,2,126,巫顯東 (-2),文家良
2026-10-10 15:41:42,2026-10-11,ST,11,6,興馳千里,3.3,4,125,田泰安,呂健威
2026-10-10 15:41:42,2026-10-11,ST,11,7,玩笑,26,11,124,何澤堯,伍鵬志
2026-10-10 15:41:42,2026-10-11,ST,11,8,小霸王,17,12,124,黃寶妮 (-7),告東尼
2026-10-10 15:41:42,2026-10-11,ST,11,9,熾烈神駒,25,3,122,金誠剛,沈集成
2026-10-10 15:41:42,2026-10-11,ST,11,10,勇敢巨星,39,7,122,班德禮,呂健威
2026-10-10 15:41:42,2026-10-11,ST,11,11,寶進,2.9,1,122,梁家俊,巫偉傑
2026-10-10 15:41:42,2026-10-11,ST,11,12,巴基之勝,26,9,120,蔡明紹,蘇偉賢
