race_date,race_no,horse_no,horse_name,draw,weight,jockey,trainer,win_odds
2026-10-04,1,1,東方寶寶,3,135,袁幸堯 (-7),姚本輝,8.6
2026-10-04,1,2,光輝歲月,5,134,霍宏聲,游達榮,11
2026-10-04,1,3,順成之星,2,132,潘明輝,賀賢,21
2026-10-04,1,4,神駒馬靈,7,132,奧爾民,廖康銘,22
2026-10-04,1,5,旭能精英,10,131,梁家俊,巫偉傑,28
2026-10-04,1,6,猛將兄,4,131,周俊樂 (-2),黎昭昇,27
2026-10-04,1,7,悠悠乾坤,13,129,希威森,桂福特,19
2026-10-04,1,8,怪獸叉燒,6,126,蔡明紹,丁冠豪,14
2026-10-04,1,9,藍爵爺,12,124,巴度,徐雨石,23
2026-10-04,1,10,至高心得,14,123,楊明綸,韋達,54
2026-10-04,1,11,知恩圖報,9,123,金誠剛,鄭俊偉,11
2026-10-04,1,12,東方魅影,8,123,潘頓,大衛希斯,5.8
2026-10-04,1,13,上市魅力,11,122,田泰安,蘇偉賢,12
2026-10-04,1,14,一鹿歡騰,1,120,黃寶妮 (-7),告東尼,3.0
2026-10-04,2,1,十分愛,7,135,金誠剛,韋達,37
2026-10-04,2,2,狼來了,6,133,希威森,沈集成,8.7
2026-10-04,2,3,合夥智能,11,130,何澤堯,呂健威,11
2026-10-04,2,4,忠良烈漢,5,130,巫顯東 (-2),徐雨石,25
2026-10-04,2,5,精益時代,13,130,周俊樂 (-2),游達榮,18
2026-10-04,2,6,幸福特約,12,129,艾兆禮,伍鵬志,16
2026-10-04,2,7,銀刺勇士,10,129,袁幸堯 (-7),方嘉柏,14
2026-10-04,2,8,天風雲,9,129,楊明綸,丁冠豪,26
2026-10-04,2,9,好力,14,127,梁家俊,鄭俊偉,33
2026-10-04,2,10,傳承精神,4,126,潘明輝,姚本輝,33
2026-10-04,2,11,潮流勇駒,1,126,艾道拿,黎昭昇,15
2026-10-04,2,12,電子騰飛,3,122,班德禮,蘇偉賢,24
2026-10-04,2,13,鋁主角,2,122,潘頓,大衛希斯,2.2
2026-10-04,2,14,有你有我,8,121,巴度,廖康銘,9.0
2026-10-04,3,1,禪勝輝煌,2,135,周俊樂 (-2),呂健威,7.1
2026-10-04,3,2,精英雄心,4,128,潘頓,廖康銘,2.5
2026-10-04,3,3,昇瀧駒,8,127,蔡明紹,蘇偉賢,7.2
2026-10-04,3,4,華麗再勝,5,122,金誠剛,沈集成,9.1
2026-10-04,3,5,非惟僥倖,3,120,袁幸堯 (-7),姚本輝,19
2026-10-04,3,6,時時精準,7,115,田泰安,游達榮,8.4
2026-10-04,3,7,滿心星,1,115,巴度,方嘉柏,8.6
2026-10-04,3,8,將睿,6,115,班德禮,游達榮,7.5
2026-10-04,4,1,天外富天,3,135,班德禮,大衛希斯,40
2026-10-04,4,2,悠然常勝,8,134,蔡明紹,巫偉傑,4.7
2026-10-04,4,3,海鑽石,13,134,袁幸堯 (-7),沈集成,20
2026-10-04,4,4,籐王駒,10,133,霍宏聲,文家良,20
2026-10-04,4,5,明亮光輝,5,131,金誠剛,廖康銘,33
2026-10-04,4,6,增旺,7,131,奧爾民,賀賢,8.0
2026-10-04,4,7,海洋帝君,6,120,田泰安,徐雨石,11
2026-10-04,4,8,文武全能,4,130,何澤堯,伍鵬志,5.8
2026-10-04,4,9,多彩多姿,9,126,楊明綸,蘇偉賢,4.8
2026-10-04,4,10,君智盛,14,125,艾道拿,姚本輝,59
2026-10-04,4,11,美神來,12,124,周俊樂 (-2),羅富全,45
2026-10-04,4,12,添喜運,1,124,潘明輝,鄭俊偉,25
2026-10-04,4,13,巴閉佬,11,123,潘頓,呂健威,7.8
2026-10-04,4,14,紅旺繽紛,2,120,巴度,韋達,20
2026-10-04,5,1,上浦福旺,6,135,艾道拿,沈集成,35
2026-10-04,5,2,開心宇宙,7,135,梁家俊,丁冠豪,10
2026-10-04,5,3,不同世界,11,132,何澤堯,葉楚航,8.8
2026-10-04,5,4,隨緣得勝,4,132,潘頓,游達榮,14
2026-10-04,5,5,奮鬥心,8,131,奧爾民,伍鵬志,16
2026-10-04,5,6,午夜快車,3,130,巴度,徐雨石,4.6
2026-10-04,5,7,超加加,2,129,金誠剛,姚本輝,4.9
2026-10-04,5,8,風起雲湧,5,123,田泰安,蘇偉賢,11
2026-10-04,5,9,飛躍星伴,1,123,班德禮,大衛希斯,32
2026-10-04,5,10,精彩動力,12,123,霍宏聲,方嘉柏,14
2026-10-04,5,11,天威,9,121,艾兆禮,羅富全,14
2026-10-04,5,12,林寶精神,13,119,希威森,廖康銘,7.7
2026-10-04,5,13,孤風潛影,10,119,潘明輝,大衛希斯,24
2026-10-04,6,1,捷駿,3,135,梁家俊,沈集成,27
2026-10-04,6,2,手機錶能,5,130,何澤堯,文家良,3.0
2026-10-04,6,3,心雄雄,7,130,潘頓,大衛希斯,8.1
2026-10-04,6,4,合夥飛馳,13,129,周俊樂 (-2),呂健威,44
2026-10-04,6,5,飛馬精英,11,127,霍宏聲,廖康銘,15
2026-10-04,6,6,紅衣醒目,2,126,田泰安,羅富全,3.6
2026-10-04,6,7,風繼續吹,12,125,金誠剛,鄭俊偉,21
2026-10-04,6,8,喜駿昇星,4,124,希威森,桂福特,12
2026-10-04,6,9,盛勢威楓,8,124,潘明輝,賀賢,12
2026-10-04,6,10,巴閉仔,1,122,黃寶妮 (-7),徐雨石,31
2026-10-04,6,11,天比高,14,120,袁幸堯 (-7),葉楚航,28
2026-10-04,6,12,金創福威,6,119,楊明綸,黎昭昇,35
2026-10-04,6,13,無極勇將,10,117,巴度,游達榮,76
2026-10-04,6,14,觀萬物,9,115,蔡明紹,巫偉傑,28
2026-10-04,7,1,龍文瑞安,11,135,楊明綸,黎昭昇,52
2026-10-04,7,2,加州熱浪,10,130,艾道拿,巫偉傑,11
2026-10-04,7,3,愛馬心,1,129,潘頓,鄭俊偉,3.5
2026-10-04,7,4,鬥志,13,128,奧爾民,蘇偉賢,29
2026-10-04,7,5,澄心知遇,4,127,蔡明紹,蔡約翰,20
2026-10-04,7,6,好運多彩,2,126,田泰安,羅富全,36
2026-10-04,7,7,團結戰靈,8,125,希威森,桂福特,23
2026-10-04,7,8,金運齊來,6,123,梁家俊,文家良,6.1
2026-10-04,7,9,你知我寶,5,123,金誠剛,姚本輝,11
2026-10-04,7,10,歷勝,14,123,何澤堯,呂健威,20
2026-10-04,7,11,幸福約定,7,121,艾兆禮,大衛希斯,11
2026-10-04,7,12,北極之錶,9,121,周俊樂 (-2),廖康銘,16
2026-10-04,7,13,領袖勁力,12,120,巴度,徐雨石,14
2026-10-04,7,14,飛躍成就,3,119,潘明輝,賀賢,6.1
2026-10-04,8,1,榮駿大道,5,135,班德禮,葉楚航,24
2026-10-04,8,2,展雄志,10,130,艾道拿,大衛希斯,49
2026-10-04,8,3,千禧龍,2,128,潘明輝,沈集成,11
2026-10-04,8,4,川河耀駒,8,128,周俊樂 (-2),游達榮,22
2026-10-04,8,5,細水長流,7,126,潘頓,蔡約翰,1.4
2026-10-04,8,6,勁大威猛,9,126,巫顯東 (-2),姚本輝,13
2026-10-04,8,7,勁無限,6,122,金誠剛,沈集成,59
2026-10-04,8,8,大回報,1,120,巴度,黎昭昇,14
2026-10-04,8,9,北斗福星,11,119,何澤堯,方嘉柏,12
2026-10-04,8,10,年年友福,3,118,梁家俊,沈集成,17
2026-10-04,8,11,同心同夢,4,116,田泰安,桂福特,48
2026-10-04,9,1,皇龍飛將,7,135,蔡明紹,姚本輝,19
2026-10-04,9,2,相映紅,11,134,霍宏聲,方嘉柏,23
2026-10-04,9,4,富國兄弟,9,127,田泰安,葉楚航,11
2026-10-04,9,5,哪吒,8,123,奧爾民,賀賢,10
2026-10-04,9,6,翠兒威威,6,123,周俊樂 (-2),巫偉傑,11
2026-10-04,9,7,瑪瑙,3,122,袁幸堯 (-7),羅富全,13
2026-10-04,9,8,花開,10,121,艾兆禮,文家良,7.8
2026-10-04,9,9,勁勇皇駒,5,121,何澤堯,呂健威,8.1
2026-10-04,9,10,榮利雙收,4,120,班德禮,大衛希斯,21
2026-10-04,9,11,都靈福星,2,120,楊明綸,丁冠豪,3.1
2026-10-04,9,12,量子力奇,1,119,潘頓,廖康銘,6.4
2026-10-04,10,1,馬力,8,135,艾兆禮,羅富全,18
2026-10-04,10,2,星運傳奇,2,131,奧爾民,方嘉柏,13
2026-10-04,10,3,精彩福星,10,128,希威森,大衛希斯,9.5
2026-10-04,10,4,星月飛雲,5,126,潘頓,韋達,12
2026-10-04,10,5,連連幸運,14,125,黃寶妮 (-7),沈集成,12
2026-10-04,10,6,叻叻豬,12,125,袁幸堯 (-7),姚本輝,7.6
2026-10-04,10,7,領航君子,11,124,潘明輝,鄭俊偉,21
2026-10-04,10,8,米奇,4,124,梁家俊,蔡約翰,10
2026-10-04,10,9,從化之星,13,123,霍宏聲,桂福特,8.1
2026-10-04,10,10,無敵好瑪,7,123,何澤堯,徐雨石,10
2026-10-04,10,11,大番薯,9,123,金誠剛,廖康銘,15
2026-10-04,10,12,金聖,1,122,周俊樂 (-2),文家良,22
2026-10-04,10,13,幸運糖,6,122,田泰安,巫偉傑,6.9
2026-10-04,10,14,拉合爾,3,119,巴度,黎昭昇,13
2026-10-04,11,1,喜蓮勁感,4,135,周俊樂 (-2),游達榮,10
2026-10-04,11,2,實力股,7,135,潘頓,羅富全,2.5
2026-10-04,11,3,鑽石星空,12,134,黃寶妮 (-7),徐雨石,18
2026-10-04,11,4,手機錶勁,9,130,何澤堯,呂健威,20
2026-10-04,11,5,品德寶寶,2,127,霍宏聲,文家良,21
2026-10-04,11,6,睿明途嘉,6,127,蔡明紹,巫偉傑,20
2026-10-04,11,7,神鵰,3,126,艾兆禮,甘敏斯,6.4
2026-10-04,11,8,國千金,1,123,奧爾民,黎昭昇,29
2026-10-04,11,9,閃電小子,11,126,梁家俊,文家良,10
2026-10-04,11,10,包裝明將,13,122,袁幸堯 (-7),姚本輝,10
2026-10-04,11,11,上海勇士,14,120,希威森,沈集成,40
2026-10-04,11,12,星火燎原,8,120,巫顯東 (-2),徐雨石,27
2026-10-04,11,13,健康快車,5,119,班德禮,蔡約翰,23
2026-10-04,11,14,支付之父,10,119,巴度,葉楚航,19
